battery,cycle_num,cycle_pct,mean_voltage,min_voltage,std_voltage,max_temp,mean_temp,discharge_duration,capacity,rul
B0005,1,0.005952380952380952,3.5298286688693397,2.612467347907089,0.2359570706808563,38.98218133148803,32.572328114029,3690.234,1.8564874208181574,124
B0005,2,0.011904761904761904,3.5373201277859714,2.587208728940726,0.23476492928592219,39.033397966787035,32.72523522519307,3672.344,1.846327249719927,123
B0005,3,0.017857142857142856,3.5437367282719,2.6519168938437794,0.22752543549673088,38.818796689817404,32.64286193755933,3651.641,1.8353491942234077,122
B0005,4,0.023809523809523808,3.5436661072601456,2.592947964776547,0.23274431724182537,38.7623045063458,32.51487646204882,3631.563,1.8352625275821128,121
B0005,5,0.02976190476190476,3.5423432526672167,2.547419651124539,0.2366885716567803,38.66539257343368,32.38234901543077,3629.172,1.8346455082120419,120
B0005,6,0.03571428571428571,3.5413347346347575,2.5209480504077413,0.23931625998293235,38.75169504640032,32.43418218230641,3652.281,1.8356616600675495,119
B0005,7,0.041666666666666664,3.5410250495075215,2.487927319492314,0.2425153341196382,38.8207012322275,32.480416444757985,3650.828,1.8351461429226603,118
B0005,8,0.047619047619047616,3.554133296801584,2.6652049047458775,0.22731251096165395,38.51713023385634,32.41046186109587,3572.453,1.8257567905665537,117
B0005,9,0.05357142857142857,3.5529355991467955,2.6038584726333673,0.2324538495076242,38.526267904657,32.3461408313,3550.594,1.8247738529891333,116
B0005,10,0.05952380952380952,3.5512057319376997,2.552853984885676,0.23672870147542147,38.52698128472781,32.27679750791685,3551.25,1.824613268496936,115
B0005,11,0.06547619047619048,3.549292319740949,2.4724483018527317,0.2430973444996006,38.54143406601644,32.15709350345252,3530.25,1.8246195526864504,114
B0005,12,0.07142857142857142,3.559759220648976,2.64956413267546,0.22886185175957943,38.52197451768004,32.36407129853099,3491.016,1.8142019357673917,113
B0005,13,0.07738095238095238,3.558081969139198,2.5724981777366227,0.23460775776275253,38.582485834057856,32.3181954403762,3470.281,1.8137521577549054,112
B0005,14,0.08333333333333333,3.555692244172496,2.5249886697730286,0.237911318298918,38.520294134873915,32.15709029211502,3470.0,1.8134404914735822,111
B0005,15,0.08928571428571429,3.562746818017503,2.694621861688723,0.22392608690207388,38.21358592965045,32.04407000314609,3450.297,1.8025980036306504,110
B0005,16,0.09523809523809523,3.5614521756489204,2.64010141737067,0.22796979172772144,38.1983618706913,31.931593674911532,3429.407,1.80210690024615,109
B0005,17,0.10119047619047619,3.5603420474985823,2.5739035098380962,0.23297600498562532,38.31926916027133,31.941655359029298,3409.484,1.802579500826209,108
B0005,18,0.10714285714285714,3.5591189041401865,2.4942396831720126,0.23873643876806222,38.4787542519308,31.965008645476725,3390.422,1.8030683142834096,107
B0005,19,0.1130952380952381,3.557886771846508,2.4556793246645583,0.24145031412156678,38.54659017774874,31.966241678512723,3390.281,1.8027776247196041,106
B0005,20,0.11904761904761904,3.5520375235511907,2.632142800798914,0.23416563071224794,38.44749852224995,32.37143341978575,3591.734,1.8470259949329193,105
B0005,21,0.125,3.5525668436897124,2.5027764692056795,0.2441722414090925,38.992275791716615,32.70024990461686,3552.297,1.847417311283644,104
B0005,22,0.13095238095238096,3.556794038327039,2.617507742871704,0.23311973567394634,38.51424197364312,32.32266411829938,3531.578,1.8361774213478947,103
B0005,23,0.13690476190476192,3.5614100044534203,2.694074478000972,0.22484633144049296,38.165816144899125,31.98795810666763,3492.907,1.8257807475776242,102
B0005,24,0.14285714285714285,3.5566107947817986,2.6237674644021887,0.23067449635182954,38.16526203587147,31.894456524691385,3511.594,1.8251136435078368,101
B0005,25,0.1488095238095238,3.5586742170266272,2.5010798299873738,0.23845858592777874,38.27549578575718,31.78039681801023,3431.9370000000054,1.8255815042203762,100
B0005,26,0.15476190476190477,3.564103182686905,2.6849988185249796,0.22371289710668404,37.982160799183106,31.688747146342205,3431.125,1.8140311275083907,99
B0005,27,0.16071428571428573,3.559588063594272,2.547109116468133,0.23399060506233524,38.11100191887773,31.596747992569153,3412.406,1.8147691941158939,98
B0005,28,0.16666666666666666,3.556833231052199,2.471314764334132,0.23947202414141244,38.18831137948753,31.565586498787077,3410.688,1.813969388710352,97
B0005,29,0.17261904761904762,3.5624410850948944,2.6613903306108773,0.22469381728284948,37.998541119085836,31.59124667045208,3410.718,1.802765665167823,96
B0005,30,0.17857142857142858,3.5591407106855666,2.541762355407921,0.2337381121665522,38.194201649765226,31.603485399391182,3392.719,1.804077040117352,95
B0005,31,0.18452380952380953,3.5573161327793144,2.628919415830567,0.2244802327371113,38.45796400011448,31.91556385491565,3470.672,1.8518025516704486,94
B0005,32,0.19047619047619047,3.561870782772737,2.6312552691827045,0.22326557144507364,38.49126351534004,32.081128118597164,3414.109,1.8307038456739428,93
B0005,33,0.19642857142857142,3.5617586337260088,2.654880745360911,0.22104596048351946,38.31473393357882,31.849792632896243,3395.219,1.8199041089501267,92
B0005,34,0.20238095238095238,3.5597307651083123,2.6749688422803803,0.21897224844365457,37.861934640176806,31.465690433362017,3386.0,1.8093079637028517,91
B0005,35,0.20833333333333334,3.5575937553540915,2.6159705726789904,0.22364252387843475,37.90665575786083,31.40934895665031,3368.187,1.80460990458052,90
B0005,36,0.21428571428571427,3.5597237883937995,2.658447162110498,0.22067304968852833,38.34003238560517,31.902247475518077,3368.266,1.7993770651972192,89
B0005,37,0.22023809523809523,3.559061771422033,2.6979426084271156,0.2174117074890921,38.0745950590744,31.649024294808623,3358.719,1.7884432335370462,88
B0005,38,0.2261904761904762,3.557015527748059,2.6617272246516333,0.2202112122344345,38.07252758016199,31.48874626238971,3339.5,1.7829230484252723,87
B0005,39,0.23214285714285715,3.5562481933590964,2.699288287625812,0.21711532049783672,37.80133585100446,31.329995610092634,3331.265,1.7730337158018288,86
B0005,40,0.23809523809523808,3.5532756526091784,2.6127932408838532,0.2242097776623701,38.39873985476869,31.569551201845574,3321.188,1.773037755078937,85
B0005,41,0.24404761904761904,3.556266431640255,2.6637064901468075,0.22065598640894563,38.74929237918251,32.111426258867944,3321.844,1.7678721106662054,84
B0005,42,0.25,3.5563095420140822,2.6668454289754746,0.22086472080479183,38.87275464755104,32.271676011112376,3311.828,1.7623150704093087,83
B0005,43,0.25595238095238093,3.558950851054106,2.684431051981017,0.2248771520046519,38.503541429116005,31.842291659678658,3327.391,1.7676172924938447,82
B0005,44,0.2619047619047619,3.5534418211598053,2.645224362345869,0.22263448201480376,38.27009094548294,31.759815453754253,3312.078,1.762668359743147,81
B0005,45,0.26785714285714285,3.5510121537420285,2.6603527244917,0.22130511019697496,38.11684755251712,31.41911167391793,3293.172,1.7517304870664143,80
B0005,46,0.27380952380952384,3.551317608213948,2.6926849789916263,0.21900720749034402,38.04152715355532,31.331626572312267,3275.328,1.7418496047960008,79
B0005,47,0.27976190476190477,3.549003180550162,2.670544734728978,0.22112880899864104,38.17980302242767,31.35934131425137,3265.016,1.7360913511847138,78
B0005,48,0.2857142857142857,3.5597648340955175,2.605158060541757,0.22690811654164278,40.71218198711114,34.31088483888259,3328.937,1.7936240148573608,77
B0005,49,0.2916666666666667,3.5623454342368555,2.672012007453096,0.22196151611679193,39.885261233152924,33.43585640373788,3329.266,1.7831890223273275,76
B0005,50,0.2976190476190476,3.558336657621618,2.674271233724938,0.22116302424041023,39.18287352945846,32.66698125020078,3301.579,1.7673642076278957,75
B0005,51,0.30357142857142855,3.554013138622869,2.6309416727017187,0.22441709628144815,38.951564804030774,32.28423408691397,3283.563,1.7570177850353066,74
B0005,52,0.30952380952380953,3.552376095886298,2.6629725743154204,0.22204569380260106,38.607510759873634,32.00739178780946,3275.125,1.7468706179837907,73
B0005,53,0.31547619047619047,3.549618661283733,2.612942119873717,0.22622259329090488,38.920359903369054,32.06387071886056,3265.656,1.7417172507457144,72
B0005,54,0.32142857142857145,3.54938103086703,2.6157198442661476,0.22644463175198204,39.23273115358871,32.43754560319043,3266.093,1.7364225056478186,71
B0005,55,0.3273809523809524,3.5472118680418956,2.6287695472774453,0.2256048866862126,38.964927068400804,32.16809876635083,3257.594,1.7263217239235826,70
B0005,56,0.3333333333333333,3.5467052098640246,2.6655106679421823,0.22260946236691775,38.83927283461771,32.05752645824972,3248.593,1.7158065389330133,69
B0005,57,0.3392857142857143,3.544629653883431,2.650495153350403,0.22441087883425337,38.82796377704433,31.975920928072714,3238.766,1.710533351135192,68
B0005,58,0.34523809523809523,3.5436291614253204,2.643236235233877,0.2251626394650501,39.14007944734004,32.21689335291319,3240.14,1.706014499648521,67
B0005,59,0.35119047619047616,3.5444946147995258,2.656450207001938,0.2250288003365719,39.349611598028886,32.55632993697177,3230.109,1.7003110272642588,66
B0005,60,0.35714285714285715,3.5409201846556857,2.626177688152069,0.22759267954042178,39.29444535878087,32.40048085325998,3229.7810000000027,1.6945798601797895,65
B0005,61,0.3630952380952381,3.541195668799061,2.6582230344240045,0.2253901682415922,39.10487658009542,32.29371860868794,3212.469,1.6849029086609286,64
B0005,62,0.36904761904761907,3.540671044783382,2.695100237338448,0.22200337643732754,39.0462609369598,32.136071448067796,3213.219,1.6744741591159717,63
B0005,63,0.375,3.5376048790268775,2.639091813583503,0.22747021165023182,39.398032192832,32.38268549723498,3203.578,1.6745692479879102,62
B0005,64,0.38095238095238093,3.538422485261741,2.6857210282450983,0.22445639503179138,39.10678394120843,32.30899951427637,3195.125,1.663716375981405,61
B0005,65,0.3869047619047619,3.53928626988912,2.69017866510873,0.2237217691429451,39.44448954135193,32.56636929496716,3195.3129999999946,1.659013868748246,60
B0005,66,0.39285714285714285,3.533690170241391,2.639895313359579,0.2284155018484487,39.509602016775695,32.46542951751835,3186.297,1.6538540573335014,59
B0005,67,0.39880952380952384,3.534367734544495,2.68991452927918,0.22401128563800174,39.334865362245324,32.347056454418095,3176.438,1.642653782130131,58
B0005,68,0.40476190476190477,3.5312941932103548,2.65935818848874,0.22709204592021853,39.43723270017243,32.371538940646154,3167.593,1.6378578430223698,57
B0005,69,0.4107142857142857,3.5309134771684274,2.6657030585650423,0.22674511548841458,39.51375235624076,32.45549347979197,3167.719,1.6327350407099108,56
B0005,70,0.4166666666666667,3.5287226893409893,2.642986759012803,0.22927035359609077,39.60170302810528,32.50017194695606,3159.077999999994,1.6277528915533617,55
B0005,71,0.4226190476190476,3.52625493581969,2.6311169118893036,0.23073247098074154,39.687463597582074,32.50100298369444,3148.829,1.622125485521159,54
B0005,72,0.42857142857142855,3.528684324337005,2.696157404617167,0.2247705585097621,39.53535075538898,32.4728927422438,3149.094,1.6113256603765849,53
B0005,73,0.43452380952380953,3.525556939424901,2.6667596238241567,0.22779895158764976,39.6502371632164,32.50480154634882,3140.547,1.6065631397488385,52
B0005,74,0.44047619047619047,3.5226805646793737,2.6403185448373043,0.23050584047552053,39.69929058154853,32.51218336210202,3131.625,1.6015142233917594,51
B0005,75,0.44642857142857145,3.524673458789008,2.69892986372897,0.22554614793423197,39.56076309770468,32.45692821941515,3121.907,1.590369231400328,50
B0005,76,0.4523809523809524,3.5213155754526824,2.6682466504352993,0.22838261270267754,39.63708096307912,32.447059186431154,3122.125,1.5857889968242211,49
B0005,77,0.4583333333333333,3.51803386486462,2.6479207279724903,0.23117872316851204,39.43977047692484,32.32889654966259,3121.672,1.5849430707374117,48
B0005,78,0.4642857142857143,3.5236841955396794,2.6741633856529066,0.22917796003491905,39.839022256254516,32.84488475360107,3120.86,1.5955263892495937,47
B0005,79,0.47023809523809523,3.519146638240668,2.6892528956736257,0.22719970590454205,39.41794949618613,32.31731555011648,3103.828,1.5747301747801037,46
B0005,80,0.47619047619047616,3.516233648608237,2.688809122993162,0.2273324183483178,39.262781682151214,32.06376130177751,3095.094,1.5649019950937946,45
B0005,81,0.48214285714285715,3.514773138461639,2.6743555987897745,0.22847210016062755,39.47237839941986,32.21997626855924,3095.781,1.5597659473370362,44
B0005,82,0.4880952380952381,3.5132992979150073,2.6430294964336345,0.2314217062849809,40.037541469513684,32.7120225448885,3094.328,1.5594815668184234,43
B0005,83,0.49404761904761907,3.514484830704665,2.6584858447131823,0.23060759962593796,40.142730162011574,32.945022147355694,3086.531,1.55468935359061,42
B0005,84,0.5,3.5109677353595243,2.629782173759164,0.2329526759800367,40.1165626728546,32.857549597381336,3085.625,1.5488741079890418,41
B0005,85,0.5059523809523809,3.5109358749578012,2.6622967647315545,0.2307329830817022,39.87503330866132,32.629663328789654,3067.203,1.538236598942558,40
B0005,86,0.5119047619047619,3.509393098217416,2.682380966742509,0.2288570136594319,39.61961987024145,32.379859014262976,3058.157,1.527914258251028,39
B0005,87,0.5178571428571429,3.5066782411556563,2.6401894768922713,0.2324429087783303,40.067324667444815,32.68215852457039,3058.812,1.5285252629756445,38
B0005,88,0.5238095238095238,3.5109885623008092,2.693769409137257,0.2279824823099926,40.24716716520102,32.99387423636739,3058.578,1.522647325284378,37
B0005,89,0.5297619047619048,3.510305462695178,2.695787450704935,0.2281087434098021,40.30253125568348,33.04539707211165,3049.328,1.5174859938489869,36
B0005,90,0.5357142857142857,3.5222215314850214,2.6920548172137724,0.23455024881444192,40.09418103142496,32.856295641052824,3177.219,1.605818899130659,35
B0005,91,0.5416666666666666,3.5163492154331264,2.629071246219689,0.2342514069587575,40.52238496316615,33.33950238056361,3082.937,1.5638491446744425,34
B0005,92,0.5476190476190477,3.5134397623234963,2.631343871050918,0.23338016528628605,40.56886357314186,33.35156485472646,3074.266,1.5480915247767786,33
B0005,93,0.5535714285714286,3.515137522009075,2.6983970036642315,0.22724285807568523,40.27804845768325,33.147486361012966,3066.0,1.5323755631868592,32
B0005,94,0.5595238095238095,3.50830390643132,2.6338485871981514,0.2331667808997218,40.2921849196155,33.007275861749356,3056.437,1.5269528268489705,31
B0005,95,0.5654761904761905,3.509190808443004,2.671566207861818,0.22983512055913674,40.184384347174266,32.91990812745461,3048.219,1.5169573017136326,30
B0005,96,0.5714285714285714,3.5068097579555353,2.6540810507928123,0.23170359937392337,40.320066232195046,32.99903328622305,3039.218,1.5118975960142693,29
B0005,97,0.5773809523809523,3.50609090727422,2.656849703962618,0.23141529776276365,40.336505612651585,33.03772281691292,3039.047,1.5065638960681105,28
B0005,98,0.5833333333333334,3.5037157727265953,2.6363048614501152,0.23345025331554517,40.43267631588412,33.07740307192613,3030.375,1.5015453526671363,27
B0005,99,0.5892857142857143,3.5067479961367156,2.69951692300468,0.22782166398290293,40.314538591575015,33.05467981523988,3021.0,1.4908444050400238,26
B0005,100,0.5952380952380952,3.5058813026542324,2.698216006032282,0.22798452244418208,40.386661855917744,33.11570360624461,3021.75,1.485868384561201,25
B0005,101,0.6011904761904762,3.504168333530808,2.6911707598773864,0.22887754440273086,40.43384612547835,33.12942148982364,3012.265,1.480413677976106,24
B0005,102,0.6071428571428571,3.5030568931470634,2.690162319231471,0.22926505227297364,40.44479269068758,33.130681310493344,3002.641,1.4752095869031632,23
B0005,103,0.6130952380952381,3.4982324882487936,2.6355034454892072,0.23319573629206394,40.58499656066617,33.20069210329718,3012.0,1.4859035988304024,22
B0005,104,0.6190476190476191,3.5065859365661325,2.6594753656507684,0.2327793636251861,40.99869158762305,33.78697527817091,3020.11,1.4960918298136696,21
B0005,105,0.625,3.501457140697961,2.644554999824577,0.2335250205477887,40.997807625227495,33.673365085761986,3002.172000000006,1.4808005946928984,20
B0005,106,0.6309523809523809,3.501658387162809,2.6719601666204564,0.23109365437747822,40.84213757482493,33.535818118317145,2992.703,1.4697543268466824,19
B0005,107,0.6369047619047619,3.4966186408455298,2.6598211033173382,0.23123114842947284,40.69012464267011,33.32269982188509,2964.468,1.4539012274845928,18
B0005,108,0.6428571428571429,3.4991645719433246,2.688360455508818,0.22947771879895953,40.69938049882204,33.346230327490304,2983.375,1.4541462067235693,17
B0005,109,0.6488095238095238,3.496080777360074,2.6376728619288525,0.23426793601664392,41.06026204078849,33.64948900485925,2975.297,1.455023751906683,16
B0005,110,0.6547619047619048,3.4959014526387993,2.645120521151077,0.23343364754226326,41.19696040482682,33.79269513542102,2974.9850000000006,1.449042163761236,15
B0005,111,0.6607142857142857,3.49758697990267,2.698012437629632,0.229142139192038,40.84446688602949,33.52446663707275,2966.25,1.4386709371480566,14
B0005,112,0.6666666666666666,3.4956989619989507,2.6928942772989077,0.2296125408087406,40.764203830749366,33.39042251934235,2956.359,1.433445432156979,13
B0005,113,0.6726190476190477,3.492875380810072,2.6483923655058113,0.2334116463244922,41.11212504270441,33.67370212742761,2956.344,1.4333958900838095,12
B0005,114,0.6785714285714286,3.49551076423368,2.6832134764261997,0.23026320374609258,41.27256611507568,33.91080564765892,2956.406,1.42806487344776,11
B0005,115,0.6845238095238095,3.4942333590450834,2.684960445221862,0.23051595773401903,41.15574924454392,33.7850680599871,2947.266,1.4229203181741186,10
B0005,116,0.6904761904761905,3.491197414255986,2.669922120529456,0.23192515902293845,41.03237216951879,33.61126807392732,2937.984,1.417429032731308,9
B0005,117,0.6964285714285714,3.4889094081576237,2.664105530655056,0.23255290311170276,40.937269906716935,33.45598581472246,2929.125,1.412409228794446,8
B0005,118,0.7023809523809523,3.487376295811431,2.634098605983684,0.23502132753203192,41.240704611971786,33.723267448788484,2928.454,1.412578792940193,7
B0005,119,0.7083333333333334,3.491994243745711,2.68378702970616,0.23071791602007982,41.43649987692296,34.050076369857344,2929.375,1.4075983731469897,6
B0005,120,0.7142857142857143,3.491585878898649,2.660031949282934,0.2314340526179757,41.16703904201915,33.889346908026745,2946.031,1.4333920485221476,5
B0005,121,0.7202380952380952,3.495576227046425,2.650011641082063,0.23397367076765024,41.36216559728765,34.067648550088656,2955.438,1.4382550176792908,4
B0005,122,0.7261904761904762,3.4938988589692483,2.6936969083341418,0.22954405726334065,41.02198772703674,33.75168100943646,2937.625,1.4173547174485526,3
B0005,123,0.7321428571428571,3.49159162968384,2.697073130067154,0.22932881459420568,40.78818812957494,33.46482299584788,2929.078,1.406981663677643,2
B0005,124,0.7380952380952381,3.4885729299834787,2.6806995515145213,0.23087953878001954,40.81506138506309,33.40210697922146,2918.375,1.4012037783587625,1
B0005,125,0.7440476190476191,3.4869021151089825,2.6695398084864568,0.23172009682163183,40.858374219876424,33.410688917712235,2919.812,1.3967008232726328,0
B0005,126,0.75,3.4855485210036417,2.671695307817951,0.2320368945792356,40.839876773287166,33.38984948261314,2900.422,1.391284788852726,0
B0005,127,0.7559523809523809,3.4838912547260388,2.661289185949965,0.23259470683920805,40.85376069244676,33.3700433438796,2901.375,1.3862287677978349,0
B0005,128,0.7619047619047619,3.483198941484065,2.667817533540102,0.2320093486771037,40.74795214258888,33.27215987470977,2901.187,1.3804366761974138,0
B0005,129,0.7678571428571429,3.4836274447098883,2.684008069130594,0.23099757689946665,40.68794001196382,33.222444215660225,2891.64,1.3752364150256224,0
B0005,130,0.7738095238095238,3.480172442538601,2.6585256208771644,0.2328888860424913,40.7810749453613,33.26207748383125,2882.906,1.3705128024895008,0
B0005,131,0.7797619047619048,3.478452148610975,2.6372250579822927,0.2349115652478485,40.88159339768709,33.312029905516525,2883.265,1.3705085566270399,0
B0005,132,0.7857142857142857,3.4785782556105507,2.6514257735606432,0.23371613114596132,40.81191473576834,33.25287943255863,2882.969,1.3647355108681518,0
B0005,133,0.7916666666666666,3.4825195584604582,2.676384659108382,0.22996700565473227,41.11793533148924,33.745054045019884,2891.656,1.375392016895762,0
B0005,134,0.7976190476190477,3.4886823636752826,2.6949138502817815,0.2305166507714859,41.248795355864885,33.88841975386692,2901.25,1.3861115151535393,0
B0005,135,0.8035714285714286,3.4858502383832755,2.6973343716306273,0.229689874761782,41.16242984455477,33.7353756996425,2891.703,1.3698500035838939,0
B0005,136,0.8095238095238095,3.478794177297151,2.642540259937964,0.23415766646771544,41.16437554618679,33.59131052719714,2883.016,1.3647827949260758,0
B0005,137,0.8154761904761905,3.4812826020756744,2.699226257883075,0.2296261723890385,40.864216180205034,33.32366688599416,2873.453,1.3543220466259964,0
B0005,138,0.8214285714285714,3.480352041587074,2.676480329780849,0.23135076723711012,41.25434553511566,33.691961507697364,2874.031,1.3546417018378962,0
B0005,139,0.8273809523809523,3.4781127815565127,2.642142168479886,0.23421513644395944,41.45023191903855,33.887639684793655,2874.234,1.3547039213192407,0
B0005,140,0.8333333333333334,3.4765867130506125,2.644725254926797,0.23433904836584496,41.27708509224051,33.67308060941856,2864.984,1.349314997503458,0
B0005,141,0.8392857142857143,3.4733769291841643,2.632270655366611,0.23574646332423185,41.064605154983276,33.411988203265814,2855.093,1.3441891937970554,0
B0005,142,0.8452380952380952,3.4726366397371127,2.6391006118876117,0.23483898171754727,40.99284868101728,33.29926524979532,2855.625,1.3389913790695755,0
B0005,143,0.8511904761904762,3.473439372740961,2.637841830893275,0.23479831383576488,41.29040553417739,33.59980731390034,2855.594,1.3389145230206971,0
B0005,144,0.8571428571428571,3.4754777099091454,2.668286095904868,0.23268564565922872,41.22740227746052,33.61961195858585,2847.437,1.3340066759761655,0
B0005,145,0.8630952380952381,3.4722884821666766,2.6490198126838553,0.23410417256729069,41.04619550953222,33.3945201718652,2847.36,1.3286444309174914,0
B0005,146,0.8690476190476191,3.471373665098864,2.664058512378051,0.23334669694409094,40.85874389007758,33.16734508187535,2837.328,1.3231708992276219,0
B0005,147,0.875,3.4726160162875095,2.6883611693898826,0.2313300011614801,40.79196924883506,33.10962161613893,2837.281,1.3181691588445197,0
B0005,148,0.8809523809523809,3.4738146874457896,2.6869753836302124,0.23107179563833466,41.14127834456325,33.46501751186519,2838.515,1.3184664436640334,0
B0005,149,0.8869047619047619,3.4701426486639693,2.6507536817766586,0.23433499047226858,41.14429319149828,33.4426191014044,2828.328,1.318293040102702,0
B0005,150,0.8928571428571429,3.467523652225441,2.6646322789106516,0.22993104314578544,40.66184230912503,33.037928170775885,2838.265,1.323872422244268,0
B0005,151,0.8988095238095238,3.4767525840839255,2.6400211837268666,0.23540364113204323,41.046694544970684,33.4949493613756,2864.547,1.3601216766554785,0
B0005,152,0.9047619047619048,3.4758956827369127,2.674198661305034,0.23141450235644928,41.0462053156659,33.491363029025784,2846.39,1.3395306867947354,0
B0005,153,0.9107142857142857,3.475812179626641,2.696427051131168,0.22982866330880042,40.868302643225604,33.329808599922345,2837.969,1.3290286565120697,0
B0005,154,0.9166666666666666,3.4746554404904435,2.6928340297696836,0.23034104902999514,40.85283588259973,33.27302769298771,2838.156,1.3236741274998955,0
B0005,155,0.9226190476190477,3.472301781313945,2.681747855329962,0.23135728351469487,40.85270645265791,33.229879126701434,2829.843,1.318633896753293,0
B0005,156,0.9285714285714286,3.4729305773503527,2.696791414385091,0.23009227143713637,40.8263251809212,33.20860833999321,2829.625,1.3134751321324272,0
B0005,157,0.9345238095238095,3.4696192030612285,2.664695973142795,0.23314646442584394,40.90308836809665,33.236115055926255,2819.437,1.3132020634442203,0
B0005,158,0.9404761904761905,3.470018470757559,2.679191623358613,0.2319010543734744,40.84337405460518,33.18660088296571,2819.579,1.3077959946944353,0
B0005,159,0.9464285714285714,3.470762691935287,2.699983457940659,0.23041567165870697,40.81792110626284,33.174058099115534,2810.672,1.3030329186405918,0
B0005,160,0.9523809523809523,3.468111467035994,2.666300786624286,0.232919708838876,40.946993847659506,33.253984518546055,2811.485,1.3033573559038205,0
B0005,161,0.9583333333333334,3.4648625780221494,2.6308501373847837,0.2358919511891503,41.074938058306316,33.3198093248819,2802.422,1.3034100438655642,0
B0005,162,0.9642857142857143,3.467864133752208,2.673348140468748,0.23263190858264068,41.02476444658572,33.33765795318198,2801.625,1.2978870806495706,0
B0005,163,0.9702380952380952,3.464021404592563,2.632763831012711,0.2358468286065869,41.06214198725253,33.29076744042025,2802.031,1.2980735056918902,0
B0005,164,0.9761904761904762,3.4664623858156745,2.6687371180046218,0.23332688158658493,40.98366325567302,33.27568841807217,2793.39,1.293463613844243,0
B0005,165,0.9821428571428571,3.46850906693551,2.696396337945361,0.2310130188837717,40.98234242711097,33.32067807371405,2793.39,1.288003392619118,0
B0005,166,0.9880952380952381,3.466806213058136,2.6794834862925194,0.2324429767597101,41.06375085817118,33.37314972896719,2792.485,1.2874525221379407,0
B0005,167,0.9940476190476191,3.471070722008039,2.6787137407179737,0.2297938191642851,41.047029587744966,33.71351889594897,2802.016,1.3090153642307354,0
B0005,168,1.0,3.475472204020004,2.655378369801326,0.23559285682799622,41.051007697556734,33.86531768239223,2820.39,1.3250793286429356,0
B0006,1,0.005952380952380952,3.556946061827572,2.4757677568281857,0.2260193210975841,39.16298653238707,32.142777859921516,3690.234,2.035337591005598,109
B0006,2,0.011904761904761904,3.56147580138708,2.35152551190002,0.23141504289722925,39.2462026826329,32.29307515705474,3672.344,2.0251402460314116,108
B0006,3,0.017857142857142856,3.5667524696413215,2.4404797151065436,0.22354896090021636,38.999202460252846,32.24414709253608,3651.641,2.013326371345464,107
B0006,4,0.023809523809523808,3.5687953371516272,2.4791558539003917,0.22097908742082084,38.843627771866515,32.14711742429942,3631.563,2.0132846655407413,106
B0006,5,0.02976190476190476,3.563970503289941,2.280187848173442,0.23503509475204634,38.97798888258284,32.06687277315468,3629.172,2.000528337624771,105
B0006,6,0.03571428571428571,3.5735512387791406,2.4392842568466446,0.22547907676393128,38.83989920742278,32.03447836207717,3652.281,2.0138990759931645,104
B0006,7,0.041666666666666664,3.5711391343785897,2.2812068449406446,0.2359700655161548,39.04610837498471,32.11157496697372,3650.828,2.013101105626967,103
B0006,8,0.047619047619047616,3.5681507462163036,2.366410527029613,0.22690300607421549,38.87507521022778,32.112576242471775,3572.453,1.9687898262728398,102
B0006,9,0.05357142857142857,3.5692834155812436,2.436020049578708,0.2225588245195615,38.7260539826455,32.03566207329278,3550.594,1.9681661764334244,101
B0006,10,0.05952380952380952,3.563388513484579,2.1864377487643725,0.24025262256048352,38.98629728904917,31.99527968872302,3551.25,1.9572307917560536,100
B0006,11,0.06547619047619048,3.566658719765511,2.3406023605912454,0.2287529216435241,38.65978861919643,31.874127571841353,3530.25,1.9455991514129352,99
B0006,12,0.07142857142857142,3.5687035970122842,2.4263021374140443,0.2245021597962224,38.84979195732924,32.120959708576166,3491.016,1.9347505044841131,98
B0006,13,0.07738095238095238,3.569207084156356,2.4753697700007034,0.22161053340015757,38.75128344015104,32.11021168908644,3470.281,1.9232799539368028,97
B0006,14,0.08333333333333333,3.5659271296109383,2.342364523655007,0.22991046226842987,38.76853764058789,31.989061278918154,3470.0,1.911889930948487,96
B0006,15,0.08928571428571429,3.5612417270649486,2.188400081882664,0.24035876978340462,38.84686112344348,31.878814448635442,3450.297,1.9010667141979305,95
B0006,16,0.09523809523809523,3.557881987836072,2.1206980945954057,0.24452370921534203,38.865889781652804,31.767450711024402,3429.407,1.8891989948061458,94
B0006,17,0.10119047619047619,3.56282437243777,2.369981457799298,0.22899254958827592,38.647578733807656,31.78991634963658,3409.484,1.878278372248849,93
B0006,18,0.10714285714285714,3.5591953280168633,2.247991649924625,0.2362539061879907,38.79218188173866,31.82883467218067,3390.422,1.8675697161520206,92
B0006,19,0.1130952380952381,3.5580906165580983,2.4115317107898875,0.23248821605250242,38.77022223929529,31.890449470827843,3390.281,1.8675892574453767,91
B0006,20,0.11904761904761904,3.565899462157853,2.2033558468593775,0.23666435566343638,37.54320599748628,31.51177053595285,3591.734,1.979626548250818,90
B0006,21,0.125,3.570814209348872,2.35887751155593,0.22578171830729027,37.90362577530197,31.874488497680712,3552.297,1.9575499080884022,89
B0006,22,0.13095238095238096,3.5666817833633124,2.218672914041916,0.23460941833641036,37.6701605139887,31.53911453638972,3531.578,1.9458150170787551,88
B0006,23,0.13690476190476192,3.5668392745025836,2.339723057947995,0.2275721037589103,37.34166959188387,31.220866832188786,3492.907,1.9242461121680094,87
B0006,24,0.14285714285714285,3.571051969392875,2.3997508208942735,0.22747354651355792,37.28979017254232,31.119005145018026,3511.594,1.9459811331421641,86
B0006,25,0.1488095238095238,3.5666308474029793,2.491410879472442,0.22068728350290212,37.16794481484507,31.033244078156734,3431.9370000000054,1.901407930553079,85
B0006,26,0.15476190476190477,3.5527392240854914,2.1387303309558976,0.24761140866112302,37.51577848501052,31.001249222460967,3431.125,1.878674213680085,84
B0006,27,0.16071428571428573,3.5560959755046615,2.346064498302046,0.23504747924467745,37.24165964092258,30.921434744041356,3412.406,1.8683061328264219,83
B0006,28,0.16666666666666666,3.5504500858303394,2.327337743316428,0.24060676598781225,37.27233216178077,30.929360248207214,3410.688,1.8560244070082998,82
B0006,29,0.17261904761904762,3.546007083640312,2.4863117233366316,0.23544926884929754,37.207134503019795,31.00810965793079,3410.718,1.8451997961855777,81
B0006,30,0.17857142857142858,3.554257954720065,2.2921663510920895,0.24271286255725477,37.49607769896255,30.96779499306422,3392.719,1.857228890885317,80
B0006,31,0.18452380952380953,3.555857469677978,2.4343006861812118,0.22078536256948547,37.250073961181094,31.10097217303459,3470.672,1.9247760889090635,79
B0006,32,0.19047619047619047,3.5537306734803207,2.472619908000758,0.22368965836687763,37.39699052067588,31.307368922041046,3414.109,1.8822317526092551,78
B0006,33,0.19642857142857142,3.5452650003621513,2.403422072720937,0.23215332099258618,37.2852066420257,31.131339987164562,3395.219,1.855276687885587,77
B0006,34,0.20238095238095238,3.538408778928339,2.4006679782182205,0.23624667070508096,37.080390421974414,30.828713779105055,3386.0,1.8392508917181876,76
B0006,35,0.20833333333333334,3.5297688311332673,2.3194299432177345,0.2439099480182485,36.98024266357476,30.761533072057244,3368.187,1.8185396073994429,75
B0006,36,0.21428571428571427,3.5300676840423306,2.3401731734980076,0.244307450843308,37.598741245467004,31.30305692941581,3368.266,1.8134770059567056,74
B0006,37,0.22023809523809523,3.5248882875629555,2.3829603510808774,0.24375960384087478,37.33680914521836,31.06432144678013,3358.719,1.7971018450305436,73
B0006,38,0.2261904761904762,3.5190926887152725,2.351855540704836,0.24666463745510467,37.39499820465976,30.96654665282149,3339.5,1.7810046294120476,72
B0006,39,0.23214285714285715,3.5151810230271,2.3535104841115886,0.24783168845894557,37.35233964342659,30.826455697992966,3331.265,1.7710130422682329,71
B0006,40,0.23809523809523808,3.514029112834162,2.3948058223938364,0.24620396352215285,37.58677381866742,31.080769482413952,3321.188,1.7604712448170943,70
B0006,41,0.24404761904761904,3.514139684003936,2.4418858444380294,0.24380262902937214,38.207044569893476,31.694287817425337,3321.844,1.7502913788006587,69
B0006,42,0.25,3.509578354212467,2.391848815367812,0.24822681012659126,38.340431886092745,31.875581783696685,3311.828,1.7394925037732578,68
B0006,43,0.25595238095238093,3.5110708693292705,2.3166154227865463,0.2572766067465748,38.521539672721865,31.543288143901563,3327.391,1.7546766553637203,67
B0006,44,0.2619047619047619,3.5159179315855056,2.4110989960643794,0.24598521855518196,38.03707160241571,31.420983409991024,3312.078,1.7659390941842175,66
B0006,45,0.26785714285714285,3.50585340727078,2.4510125175432287,0.24431167408297183,37.934285687720596,31.15837149963786,3293.172,1.7337887419624838,65
B0006,46,0.27380952380952384,3.5010379345914444,2.471216186082459,0.2435154606775506,37.88470784051604,31.15661421699882,3275.328,1.713325912040734,64
B0006,47,0.27976190476190477,3.497407662636496,2.470968641396993,0.24459591902905917,38.065368726791895,31.206611383963253,3265.016,1.7024077813673466,63
B0006,48,0.2857142857142857,3.5388872766749144,2.4288023941361625,0.23098677589569044,39.788440481350335,33.61169282822636,3328.937,1.82371946178183,62
B0006,49,0.2916666666666667,3.5327430295356828,2.3551430866643166,0.24180188757564916,39.212903178007906,32.85630077141311,3329.266,1.8081284050314708,61
B0006,50,0.2976190476190476,3.521214759733266,2.365933525789291,0.2452054406792465,38.66937823121345,32.210981559158874,3301.579,1.7757610945034283,60
B0006,51,0.30357142857142855,3.5093111439506677,2.3481961394586457,0.248638831497769,38.5170065164806,31.965090081650274,3283.563,1.7447409841836798,59
B0006,52,0.30952380952380953,3.50716091973708,2.46945948630322,0.24245866501899874,38.292505299491516,31.744801840189538,3275.125,1.729207034132373,58
B0006,53,0.31547619047619047,3.500928918686389,2.4666715880697576,0.24306097840857094,38.52091685291118,31.876564068962466,3265.656,1.7081086552553244,57
B0006,54,0.32142857142857145,3.4973019898820894,2.4482931262785135,0.2453760679343642,38.95436345473558,32.24289319481841,3266.093,1.6975954237461768,56
B0006,55,0.3273809523809524,3.4929038301187156,2.4745215382882586,0.24387936455970977,38.731363854696035,32.07305565938816,3257.594,1.6820634524029463,55
B0006,56,0.3333333333333333,3.488659224822318,2.469127855241356,0.24489747465620212,38.74827601131975,32.030140929891196,3248.593,1.6714768322295086,54
B0006,57,0.3392857142857143,3.4822930804774015,2.4177173347922416,0.24894941761288453,38.84227056628921,31.984935871368258,3238.766,1.6607591387047655,53
B0006,58,0.34523809523809523,3.477575664197982,2.3775131079338427,0.25149169273248084,39.221381996208315,32.23677365476226,3240.14,1.651121015038069,52
B0006,59,0.35119047619047616,3.4787436506489255,2.443723814618984,0.24743822906353016,39.466510899162515,32.56097148037261,3230.109,1.6401349256190927,51
B0006,60,0.35714285714285715,3.4740152461288862,2.4324278256917147,0.24781476646180828,39.352653481724175,32.48984985901219,3229.7810000000027,1.6291999416165441,50
B0006,61,0.3630952380952381,3.4718387718772696,2.494085641889116,0.24226020864399292,39.31890647034385,32.42612199208859,3212.469,1.6088496302961666,49
B0006,62,0.36904761904761907,3.463180130644551,2.382347172890769,0.25041818458745746,39.47196886600465,32.29984271249387,3213.219,1.6035244898969248,48
B0006,63,0.375,3.463469391967206,2.406668297987779,0.24879153893443376,39.74009698783903,32.610757585145336,3203.578,1.5989712144027983,47
B0006,64,0.38095238095238093,3.46021805164007,2.4204142690378765,0.24872123545615055,39.03600072360686,32.25699351958767,3195.125,1.5876273123575604,46
B0006,65,0.3869047619047619,3.462574876665621,2.4507845245525193,0.24661339893460255,39.16106395962828,32.47193402838835,3195.3129999999946,1.5829719744686166,45
B0006,66,0.39285714285714285,3.4537077937586056,2.3930328819230717,0.24848682009830836,39.20051799483514,32.40219271195366,3186.297,1.567137636713563,44
B0006,67,0.39880952380952384,3.4514035349888337,2.3938995980718403,0.24884801817648583,39.15878418316098,32.30987415652578,3176.438,1.5613446139713882,43
B0006,68,0.40476190476190477,3.450781146333252,2.4373294683003053,0.24531300054344063,39.18225956809825,32.35440526839345,3167.593,1.5511711892790419,42
B0006,69,0.4107142857142857,3.446105572450592,2.3705330061374523,0.249252351248828,39.38159156766375,32.4731363791227,3167.719,1.5406741606295171,41
B0006,70,0.4166666666666667,3.4418152533277144,2.351294851260762,0.24876521050750453,39.44712875501599,32.52334649341759,3159.077999999994,1.5253138744624433,40
B0006,71,0.4226190476190476,3.445008015985666,2.436845595522602,0.24479137176910862,39.40950590627068,32.518264823491045,3148.829,1.5301570318067428,39
B0006,72,0.42857142857142855,3.441164687975023,2.39030487147494,0.2475013732087286,39.48443326993031,32.5437072434024,3149.094,1.5246566834474087,38
B0006,73,0.43452380952380953,3.443620591429828,2.4892160721496315,0.2406026011996967,39.4416762582387,32.562223096007365,3140.547,1.5145492986655427,37
B0006,74,0.44047619047619047,3.439943269617906,2.450611393803655,0.24316998214821461,39.53866201326228,32.58978020040808,3131.625,1.509391504602082,36
B0006,75,0.44642857142857145,3.43602719305159,2.4111946043456745,0.24559891719465526,39.5867547936938,32.57089563557426,3121.907,1.5039974333050705,35
B0006,76,0.4523809523809524,3.436309312279291,2.4609139768640715,0.2415711613630848,39.499752884420865,32.537854347094196,3122.125,1.4935201918040188,34
B0006,77,0.4583333333333333,3.430470227771154,2.378420264362521,0.24728531582711172,39.9686395722832,32.65645090520509,3121.672,1.4876323024497422,33
B0006,78,0.4642857142857143,3.4417311090871063,2.3844697219937414,0.25068575483973593,40.42668250871336,33.180785234653264,3120.86,1.5302876214401704,32
B0006,79,0.47023809523809523,3.4355429213552537,2.448639661640692,0.24384503322302606,40.02451449021777,32.71220835503141,3103.828,1.5040760088360112,31
B0006,80,0.47619047619047616,3.4272336842373576,2.362869757217078,0.24872769369277464,40.02167483360719,32.543943889007906,3095.094,1.4887593608730894,30
B0006,81,0.48214285714285715,3.4307536518687556,2.479712742728869,0.23981868986409427,40.078211781584145,32.6655410721976,3095.781,1.4782779285546637,29
B0006,82,0.4880952380952381,3.430880434209888,2.4609902569842412,0.2412584602938845,40.565789328351094,33.160922870564626,3094.328,1.478459982215684,28
B0006,83,0.49404761904761907,3.431984614031654,2.4794507375590507,0.2403918787539756,40.75221353269305,33.414445545408455,3086.531,1.473214844899973,27
B0006,84,0.5,3.426913589626702,2.421513989921717,0.24353313719762423,40.71162611325717,33.3541679486525,3085.625,1.4675164935067897,26
B0006,85,0.5059523809523809,3.4220422356705154,2.3927989623544175,0.24505211094966728,40.58721297402195,33.13634596100404,3067.203,1.4516292657521335,25
B0006,86,0.5119047619047619,3.4202687142856667,2.410475236770924,0.2445224118963859,40.37035790264624,32.92241762841388,3058.157,1.4519237720967177,24
B0006,87,0.5178571428571429,3.4248208106770663,2.4915333699239977,0.23871895764328246,40.667923693760464,33.20338483123576,3058.812,1.4471484694777745,23
B0006,88,0.5238095238095238,3.4234990883192666,2.444861994529003,0.24156011251597115,40.990356883952465,33.533950654066935,3058.578,1.4468538105659885,22
B0006,89,0.5297619047619048,3.4247420964314874,2.4840755398082255,0.2394044963910197,40.997744028174516,33.5767934055627,3049.328,1.4416741930284678,21
B0006,90,0.5357142857142857,3.450702139255875,2.479017302613424,0.24986811906504275,40.77265883698999,33.224088400657315,3177.219,1.5935866593100128,20
B0006,91,0.5416666666666666,3.4480475429907522,2.4820670710190385,0.24289182353294878,40.522204934304625,33.37083344726966,3082.937,1.5463902376915637,19
B0006,92,0.5476190476190477,3.4399481891896455,2.452449045714353,0.24242933169344988,40.57746834859555,33.43366634309322,3074.266,1.51470559175661,18
B0006,93,0.5535714285714286,3.434112914501242,2.4198491932573414,0.24449013265629163,40.516963879873735,33.28676739403043,3066.0,1.4989786083335404,17
B0006,94,0.5595238095238095,3.4325600940363916,2.4706823501191706,0.24110307279068668,40.34325381638243,33.14347737377552,3056.437,1.4831110745410492,16
B0006,95,0.5654761904761905,3.4270614887575657,2.413759774558071,0.24425389866866307,40.39341126895154,33.11021541795579,3048.219,1.4729664825468278,15
B0006,96,0.5714285714285714,3.427340316812041,2.4562499847243027,0.24148071569208399,40.46341487442664,33.18991802149879,3039.218,1.4627604396099307,14
B0006,97,0.5773809523809523,3.423482197888437,2.401794655879554,0.24464245573487717,40.5818264138806,33.26265398635676,3039.047,1.4518364681062514,13
B0006,98,0.5833333333333334,3.4220957701069374,2.4087687236133313,0.243681234330419,40.61670777074496,33.299978841087025,3030.375,1.4468670644030392,12
B0006,99,0.5892857142857143,3.421883545422636,2.4308118485818704,0.24249235318123782,40.631647661681036,33.31663547841367,3021.0,1.441380399427779,11
B0006,100,0.5952380952380952,3.4195777411151886,2.398886415333129,0.24428631492877723,40.74323383889164,33.39150630507064,3021.75,1.431210744960774,10
B0006,101,0.6011904761904762,3.4175281789596474,2.3814379490849835,0.24533925383722666,40.81715493531611,33.41522427488497,3012.265,1.4260247179525716,9
B0006,102,0.6071428571428571,3.4197860540725715,2.459885297095542,0.24035187594624083,40.72877617289365,33.39690850726103,3002.641,1.420487649966195,8
B0006,103,0.6130952380952381,3.4171369298988705,2.4007285025453995,0.24069187953555218,41.45494452672042,33.73731993653,3012.0,1.4207006230355006,7
B0006,104,0.6190476190476191,3.4305347141293625,2.472830716079143,0.23954452760941822,41.39678877103747,34.08965316576344,3020.11,1.452255804330839,6
B0006,105,0.625,3.4250844180972875,2.467318928642863,0.23920169814767764,41.36669473718026,33.9987286593769,3002.172000000006,1.431557632772571,5
B0006,106,0.6309523809523809,3.4171339862792935,2.3692462667540997,0.24475701426966365,41.37787352037061,33.907397114007345,2992.703,1.415015751158943,4
B0006,107,0.6369047619047619,3.417521467040602,2.4482618595124874,0.2408080362142482,41.140956091698214,33.70518417605219,2964.468,1.4097311506517451,3
B0006,108,0.6428571428571429,3.4181623236680356,2.4598632768748825,0.23985452319305442,41.2168813199875,33.7458832944166,2983.375,1.404917318129309,2
B0006,109,0.6488095238095238,3.420331935905118,2.497869764845928,0.23666693145105858,41.40391881889191,34.01657212624259,2975.297,1.395164296571563,1
B0006,110,0.6547619047619048,3.4192916311692465,2.472236707252471,0.2390286773610217,41.586571331198584,34.175023374593785,2974.9850000000006,1.3945343832614077,1
B0006,111,0.6607142857142857,3.414352330355796,2.4278749904763077,0.24221175414346538,41.43504077863728,33.976109677640174,2966.25,1.3893171179312644,1
B0006,112,0.6666666666666666,3.412701167144591,2.4275905200235055,0.24220504327165968,41.37436880579148,33.84150372451663,2956.359,1.3838379472327809,1
B0006,113,0.6726190476190477,3.410409522809144,2.37337869163978,0.24435718343921012,41.66477948989921,34.1008464215818,2956.344,1.3736814238195123,1
B0006,114,0.6785714285714286,3.414419320260644,2.4248604132549767,0.24176595846391638,41.81816829502593,34.34663683304219,2956.406,1.3786059891863676,1
B0006,115,0.6845238095238095,3.4131710032395315,2.426962848243194,0.24223055603174873,41.686647000781186,34.216231530637586,2947.266,1.3737600299108574,1
B0006,116,0.6904761904761905,3.4107019261975147,2.417287750352038,0.24315982041013035,41.565382893773936,34.041617020161176,2937.984,1.3682580583942712,1
B0006,117,0.6964285714285714,3.4089059214760367,2.4185087281747166,0.24335348175106358,41.46394809540406,33.890212870710734,2929.125,1.3633024037317505,1
B0006,118,0.7023809523809523,3.4134080258317576,2.480937393224248,0.23910918351075655,41.6123634180086,34.116762412437,2928.454,1.3580966140172601,1
B0006,119,0.7083333333333334,3.411221044859532,2.4078214169511205,0.24277811004383898,42.0075404495327,34.490493589415046,2929.375,1.353269090999531,1
B0006,120,0.7142857142857143,3.4155210852213678,2.433234589649132,0.23720200532883332,41.61679232360952,34.23744800906639,2946.031,1.3841605738237488,1
B0006,121,0.7202380952380952,3.4229838362549794,2.440822893388958,0.24143941002028121,41.80245062827161,34.41428886050454,2955.438,1.4051467790651473,1
B0006,122,0.7261904761904762,3.414757022019347,2.396078253891397,0.24413784898440827,41.653004783464006,34.16445180476378,2937.625,1.378719022627353,0
B0006,123,0.7321428571428571,3.41435871627236,2.449306948268824,0.24152323402005177,41.36061809844917,33.877146811272176,2929.078,1.3682657783199066,0
B0006,124,0.7380952380952381,3.4091886698418046,2.384185417166802,0.2460496736273354,41.42815616511055,33.839566254190565,2918.375,1.3573151296618016,0
B0006,125,0.7440476190476191,3.411930366643558,2.4440756213040964,0.24258968522569255,41.343265645039,33.818304796930946,2919.812,1.3524934638801596,0
B0006,126,0.75,3.4094417183837504,2.4296014294774673,0.24390756219118898,41.38118673567723,33.812621135472135,2900.422,1.3474099151661236,0
B0006,127,0.7559523809523809,3.4081896097479882,2.41022288115442,0.24531767840677798,41.378450473707446,33.79894614410012,2901.375,1.3370075130842318,0
B0006,128,0.7619047619047619,3.40737851449911,2.4098927032454966,0.24580906151652474,41.306600641009794,33.702723745621576,2901.187,1.3312352966718526,0
B0006,129,0.7678571428571429,3.4085862639015,2.453938411405305,0.24308656517101032,41.204081036719124,33.63562651984647,2891.64,1.3259303781727643,0
B0006,130,0.7738095238095238,3.404843616147767,2.3940396792395253,0.2473025976222259,41.32955629442644,33.690724061796516,2882.906,1.321578743867529,0
B0006,131,0.7797619047619048,3.4081057374178703,2.45134737470238,0.24422108333220258,41.300370296451625,33.71317033815572,2883.265,1.321225074066109,0
B0006,132,0.7857142857142857,3.4091728540380735,2.475014603796582,0.24340486418659887,41.243646229563595,33.65376593260611,2882.969,1.3156485301862682,0
B0006,133,0.7916666666666666,3.4110817622184233,2.4569179775419294,0.24099639163604958,41.36464929786556,33.983578066068176,2891.656,1.3209025697502388,0
B0006,134,0.7976190476190477,3.4167486246717154,2.438240626221148,0.2445794002146044,40.89285784811417,33.816348135475515,2901.25,1.3474328767273906,0
B0006,135,0.8035714285714286,3.4169689184247174,2.4946397780995584,0.2418829111188869,40.652964511118334,33.60692030225909,2891.703,1.3260128072353616,0
B0006,136,0.8095238095238095,3.4105763913818787,2.4367455144223555,0.24570660921197612,40.58410707337388,33.47350597721994,2883.016,1.3101186784831063,0
B0006,137,0.8154761904761905,3.4113335283009314,2.4858689968085326,0.243669978984679,40.322783635307104,33.209178727620106,2873.453,1.30521620229393,0
B0006,138,0.8214285714285714,3.4081283345557187,2.3957550201907916,0.24822787297973212,40.78032921971219,33.58088963686094,2874.031,1.3004061951355774,0
B0006,139,0.8273809523809523,3.4125732422699135,2.4504684570147006,0.2452230312011813,40.85731522464202,33.76400861956033,2874.234,1.300235735841116,0
B0006,140,0.8333333333333334,3.407693686560286,2.3942028718004007,0.24934296653021504,40.74860220857894,33.57003564415372,2864.984,1.2895066722480755,0
B0006,141,0.8392857142857143,3.4073499608041957,2.4303844034459368,0.24821460129448178,40.472276230208436,33.272050895552354,2855.093,1.279253057384795,0
B0006,142,0.8452380952380952,3.409292163767801,2.4755630989048205,0.24659016011849222,40.28187574900838,33.12740933210319,2855.625,1.2792078171714618,0
B0006,143,0.8511904761904762,3.4095492354804775,2.446712151873903,0.24758339650785938,40.637565231244686,33.439116773449626,2855.594,1.274036760902923,0
B0006,144,0.8571428571428571,3.410318915287339,2.4607112018206894,0.24739801801109818,40.64243349478575,33.482874768414376,2847.437,1.2741273923001468,0
B0006,145,0.8630952380952381,3.409269478846637,2.4619788522973796,0.24810226825514498,40.38713367022122,33.22136307064441,2847.36,1.2637639426440779,0
B0006,146,0.8690476190476191,3.4094374435069095,2.4999079970509284,0.24744012771914206,40.15316398972329,32.98562738901426,2837.328,1.2581373688955233,0
B0006,147,0.875,3.403885091976961,2.4061574188511727,0.2532123266842987,40.26211669866818,32.970182781539556,2837.281,1.253259864055301,0
B0006,148,0.8809523809523809,3.4065929107527846,2.40921365026611,0.25263202324107764,40.65437976632703,33.31018716138479,2838.515,1.2532313315493426,0
B0006,149,0.8869047619047619,3.4095930016592684,2.4705399687343235,0.24908472229042342,40.41021687551566,33.23406652671602,2828.328,1.2480874960313577,0
B0006,150,0.8928571428571429,3.409409922814414,2.4996841687041944,0.24501536673331065,40.49521984011741,33.117656712920734,2838.265,1.2534354284944844,0
B0006,151,0.8988095238095238,3.4195489282896943,2.4839695531514434,0.2466700164316275,41.357879741754175,33.78417036686004,2864.547,1.2898048773266901,0
B0006,152,0.9047619047619048,3.4151799904187996,2.4675402264113453,0.24807422285760142,41.37902988743146,33.806439563441614,2846.39,1.2635402021758835,0
B0006,153,0.9107142857142857,3.4154594925159083,2.4946438160388325,0.2480617016753451,41.20920760771975,33.63735785291911,2837.969,1.2479761706842853,0
B0006,154,0.9166666666666666,3.4130336456755868,2.4577382116375843,0.2513379562071556,41.20630554355683,33.58195933847606,2838.156,1.2321202877943334,0
B0006,155,0.9226190476190477,3.4094524356574096,2.40986495422137,0.25541755590484166,41.28239317323536,33.56245583951572,2829.843,1.2271137666213534,0
B0006,156,0.9285714285714286,3.4138496008165014,2.479418189447868,0.2521876111582164,41.1595683576961,33.5111267532655,2829.625,1.2217397581377356,0
B0006,157,0.9345238095238095,3.410900672125043,2.434585389303289,0.2554146162892581,41.230427315370186,33.53675907012135,2819.437,1.211102678915174,0
B0006,158,0.9404761904761905,3.4105744140130074,2.425682710641569,0.25698194109584227,41.21487873613708,33.49803069556778,2819.579,1.2056159765131735,0
B0006,159,0.9464285714285714,3.4096514247359915,2.417924401749313,0.25819731705646964,41.27439823262361,33.516977262709986,2810.672,1.2008936262717274,0
B0006,160,0.9523809523809523,3.4128578373442537,2.4541577949851603,0.2562295547306426,41.237668013317766,33.531923269271225,2811.485,1.1905903985558335,0
B0006,161,0.9583333333333334,3.413450901705652,2.463616101176541,0.25633972565262325,41.24068073261839,33.567636169584304,2802.422,1.185179251041941,0
B0006,162,0.9642857142857143,3.414388187503409,2.470375229475307,0.2568441721022827,41.28133907077437,33.60493096509702,2801.625,1.1796706818144624,0
B0006,163,0.9702380952380952,3.412419038813061,2.4357634426689945,0.25993777730028017,41.28338645880181,33.54281440778599,2802.031,1.1745952836753915,0
B0006,164,0.9761904761904762,3.4148103057455175,2.481190011798763,0.25676219132624173,41.149193043289586,33.472459360982775,2793.39,1.15381833159625,0
B0006,165,0.9821428571428571,3.4166177332601,2.491537251958465,0.25786885910619006,41.26268252018065,33.58210389885497,2793.39,1.1644009557372264,0
B0006,166,0.9880952380952381,3.4121341541171764,2.40904100737121,0.26372718676135337,41.45791806300034,33.6634605108384,2792.485,1.1587974947916069,0
B0006,167,0.9940476190476191,3.419700177568569,2.475767645530351,0.2529109631298057,41.11666214070682,33.730546074122294,2802.016,1.1749748834769171,0
B0006,168,1.0,3.4234687742187893,2.4160441724133666,0.2619158664193414,41.36263766174168,33.8912822372509,2820.39,1.1856752327929356,0
B0007,1,0.005952380952380952,3.522006703394617,2.145975766935391,0.2874452516516924,40.59042914535701,32.62485875142121,3690.234,1.89105229539079,168
B0007,2,0.011904761904761904,3.5319490434317116,2.1110166987852117,0.2797089856913086,40.26023408628707,32.738209593287145,3672.344,1.880637027686859,167
B0007,3,0.017857142857142856,3.5344025220217845,2.0251085128182655,0.28372654574505013,40.27558633997852,32.68511456550919,3651.641,1.8806626717011388,166
B0007,4,0.023809523809523808,3.53492504932652,1.922542180649595,0.29008702878464626,40.29314715799111,32.554748499572646,3631.563,1.8807709009833444,165
B0007,5,0.02976190476190476,3.534536640068787,1.8711590450649882,0.29220641599968367,40.268872630219796,32.46787845303298,3629.172,1.8794508728285058,164
B0007,6,0.03571428571428571,3.5411626672196816,2.1756867065903434,0.26674308476358344,39.67620802332074,32.48624734055599,3652.281,1.8807003517117404,163
B0007,7,0.041666666666666664,3.541165612176161,2.1117887156019437,0.27118633921124835,39.803817662926164,32.55779966353037,3650.828,1.8799352523566075,162
B0007,8,0.047619047619047616,3.5494581176357975,2.026250619894166,0.27297824294152273,39.88810476942348,32.45374435641106,3572.453,1.8815088124038797,161
B0007,9,0.05357142857142857,3.5502805464079743,1.9505894332906037,0.2771296154486181,39.95162250671474,32.373246444985035,3550.594,1.8696907870385844,160
B0007,10,0.05952380952380952,3.5481347674910286,1.8688247067658061,0.283812978267983,40.052021854718284,32.30534276235138,3551.25,1.870052380139199,159
B0007,11,0.06547619047619048,3.5484272148956437,1.7896213776724978,0.28889633724718083,40.1213838436794,32.183319483399806,3530.25,1.8700442394188577,158
B0007,12,0.07142857142857142,3.5560433603714667,1.910336108594535,0.27604177175304995,40.174657039770814,32.378853181816005,3491.016,1.8596518987766364,157
B0007,13,0.07738095238095238,3.5604849642800684,1.9086884059809102,0.2717170193494012,40.016434730174936,32.2913249500013,3470.281,1.8590746560862206,156
B0007,14,0.08333333333333333,3.5562872542469752,1.7868782934275431,0.2826191895837473,40.16569230743226,32.14782797344657,3470.0,1.8590084577709232,155
B0007,15,0.08928571428571429,3.5647746218187324,2.1361343961784502,0.2549992595793087,39.46139677634257,32.01380948237792,3450.297,1.8593622586957048,154
B0007,16,0.09523809523809523,3.565438928797127,2.0133501283179167,0.2598113371383103,39.5636595172155,31.881310103471357,3429.407,1.8587355450601035,153
B0007,17,0.10119047619047619,3.565961679108638,1.8575547668336483,0.26669381029351313,39.628948319501816,31.854304304240515,3409.484,1.847817291322145,152
B0007,18,0.10714285714285714,3.572496559005355,2.1657556124208934,0.2443446202400194,39.225347214914876,31.856555404576753,3390.422,1.8485252916137047,151
B0007,19,0.1130952380952381,3.5699492020415136,2.0270686341513207,0.25329366708168694,39.4126321606434,31.867182607083926,3390.281,1.848378951850034,150
B0007,20,0.11904761904761904,3.5464338449590023,1.905311669649934,0.2870418502164071,39.95874037686836,32.35216872128999,3591.734,1.8807805437609766,149
B0007,21,0.125,3.5531968089006387,1.7951975189442124,0.28839720112764217,40.31302300333008,32.60219299451182,3552.297,1.8814721597443598,148
B0007,22,0.13095238095238096,3.5599340214678805,2.1058524852518143,0.262396085205122,39.359447242364645,32.19571819720114,3531.578,1.8810954313244785,147
B0007,23,0.13690476190476192,3.5595604968237993,1.846021007590992,0.2755055664428783,39.454159451189874,31.805988160181123,3492.907,1.8710089649779995,146
B0007,24,0.14285714285714285,3.552385161941813,1.7370300333706354,0.28817671720490146,39.641748274009444,31.737001978644926,3511.594,1.8701995151941375,145
B0007,25,0.1488095238095238,3.5707670304281067,2.0506492642329937,0.2505087558173121,38.86906912217273,31.51707667966367,3431.9370000000054,1.8706715362800985,144
B0007,26,0.15476190476190477,3.5657224847439295,1.8254369744762284,0.26724293226716145,39.11839966443177,31.442860781038384,3431.125,1.8596124644020169,143
B0007,27,0.16071428571428573,3.5712835067487094,2.134879000684994,0.24546299726358747,38.68010761281634,31.32326275303232,3412.406,1.860033909718346,142
B0007,28,0.16666666666666666,3.5679716274891398,1.970455493406623,0.256383090128758,38.863045678198645,31.28571570579735,3410.688,1.8591653109160768,141
B0007,29,0.17261904761904762,3.5646314038791784,1.8132694309760007,0.2688392479727567,39.14531169811219,31.331850868998004,3410.718,1.8481398178778288,140
B0007,30,0.17857142857142858,3.568983888921194,2.0483657324095637,0.2510097241436422,38.8380564174779,31.32285733932258,3392.719,1.849201702126164,139
B0007,31,0.18452380952380953,3.564620688944316,2.181560983985832,0.24235648397605905,38.95965174080089,31.608436452122476,3470.672,1.8834677437950846,138
B0007,32,0.19047619047619047,3.5694388142217837,2.1177799354077496,0.23904274000018072,39.053875772291974,31.782101501165204,3414.109,1.8628211117905844,137
B0007,33,0.19642857142857142,3.568742147335628,2.1637448793153697,0.2361226467707183,38.699551697978606,31.515041989202878,3395.219,1.852085039652352,136
B0007,34,0.20238095238095238,3.5642424070467817,2.0456561472058055,0.2435637592164921,38.6052414906155,31.13866351339678,3386.0,1.8469504648208708,135
B0007,35,0.20833333333333334,3.5653038098527605,2.1356202266992863,0.2380524119042055,38.42604747702835,31.068710515588776,3368.187,1.836828431169018,134
B0007,36,0.21428571428571427,3.565432167703823,2.042987153745025,0.24360198231062685,39.0468968949422,31.618244836823447,3368.266,1.8371619619672275,133
B0007,37,0.22023809523809523,3.5622303163451425,1.9786162394118947,0.24837093630083507,38.836764958613884,31.331528063668397,3358.719,1.8316722583718854,132
B0007,38,0.2261904761904762,3.564481026852489,2.15845357648832,0.23693822731644562,38.49981470604549,31.132569191182142,3339.5,1.8211470951317783,131
B0007,39,0.23214285714285715,3.561614556780574,2.092603698932653,0.24121089374904708,38.582340147970775,30.972969676157927,3331.265,1.816506091511515,130
B0007,40,0.23809523809523808,3.5630587459190144,2.1528886431678034,0.2377592209805917,38.787499833494046,31.1990648511682,3321.188,1.8113815601504555,129
B0007,41,0.24404761904761904,3.5629534367704405,2.0537418826405966,0.24427062964618607,39.31221126031847,31.722267598269813,3321.844,1.8116056333939583,128
B0007,42,0.25,3.563446012076242,2.0793300586339956,0.24292877825753523,39.40567993360536,31.900827580605675,3311.828,1.8060548955557403,127
B0007,43,0.25595238095238093,3.563998342345823,2.0759793304520757,0.25327029403423074,39.32802757827611,31.5372402498617,3327.391,1.8132041826994056,126
B0007,44,0.2619047619047619,3.5604902283110547,2.0674349483094465,0.24529230432510515,38.6112528181758,31.24662583059252,3312.078,1.8062641938283535,125
B0007,45,0.26785714285714285,3.5567002097886946,2.037264031192436,0.24718150200077496,38.569726951286874,30.939399361884792,3293.172,1.7958310249900458,124
B0007,46,0.27380952380952384,3.5584127263446006,2.1632674190148338,0.23972404685296034,38.34572083526661,30.884857004354572,3275.328,1.7858852600390451,123
B0007,47,0.27976190476190477,3.556136820956992,2.106631526845483,0.24353239714133773,38.482540634946716,30.920682316695828,3265.016,1.7803268604502753,122
B0007,48,0.2857142857142857,3.568999942180493,2.1809272860788376,0.23779858875750914,41.0499421893331,33.880577817079796,3328.937,1.8150756899575577,121
B0007,49,0.2916666666666667,3.571059290544873,2.1773498094527195,0.23785906798506715,40.361944885615415,33.038339318294426,3329.266,1.8157025154845838,120
B0007,50,0.2976190476190476,3.5666921284622095,2.180136101967249,0.23760527129618003,39.6676965288026,32.27329169539202,3301.579,1.8002432178056673,119
B0007,51,0.30357142857142855,3.563327431073248,2.1286295199076855,0.24105488010739884,39.481181404811096,31.937919783481355,3283.563,1.7904476205609308,118
B0007,52,0.30952380952380953,3.5590146214829015,2.155901281560187,0.24277115965808288,39.419051143069204,31.688686599521045,3275.125,1.780343032300132,117
B0007,53,0.31547619047619047,3.5566945836342914,2.067103728219671,0.24879599446153314,39.72196117128354,31.779120691032947,3265.656,1.775328769596812,116
B0007,54,0.32142857142857145,3.555013984911923,2.0619831864543094,0.2513247440204203,40.041366724781085,32.133873372089305,3266.093,1.7702629734732853,115
B0007,55,0.3273809523809524,3.5526373754067415,2.143037413381466,0.24843977298975742,39.66314441864834,31.889431533099835,3257.594,1.760081061854204,114
B0007,56,0.3333333333333333,3.547186025484395,1.9929057988209282,0.2591347484640653,39.84751541049116,31.81736328028127,3248.593,1.749647593537689,113
B0007,57,0.3392857142857143,3.546814755244375,2.0335961968180234,0.2566708502475146,39.743357771631004,31.72316205746117,3238.766,1.749650075059311,112
B0007,58,0.34523809523809523,3.5447850172972655,2.0213017345171265,0.2590391092431144,40.07246786936068,31.957150654392294,3240.14,1.745028739214683,111
B0007,59,0.35119047619047616,3.5465215420964156,2.0789964919635966,0.25599663439330134,40.247716114003914,32.29917704213345,3230.109,1.7396457455286727,110
B0007,60,0.35714285714285715,3.540832547654255,1.9925354808829658,0.2637981986834192,40.27220819224188,32.128842946565555,3229.7810000000027,1.7285642277717963,109
B0007,61,0.3630952380952381,3.542992511358393,2.14041602578448,0.25433595231008316,39.89848456781458,32.021134355757404,3212.469,1.723900324588418,108
B0007,62,0.36904761904761907,3.5360811169860216,2.006753861515003,0.2648942463001822,40.0571305311587,31.859048861486652,3213.219,1.7139788776485192,107
B0007,63,0.375,3.5392436935272635,2.121868132176415,0.25696742774933107,40.240711749549135,32.16100333536097,3203.578,1.7139701997004613,106
B0007,64,0.38095238095238093,3.5348237062932575,2.0119648758828452,0.2662038409344857,40.12941739090177,32.10276048728767,3195.125,1.7036521173638766,105
B0007,65,0.3869047619047619,3.5366477402090606,2.0744390946376323,0.2616558182168718,40.3959693732437,32.33880662180898,3195.3129999999946,1.7040137474382486,104
B0007,66,0.39285714285714285,3.5352062840980913,2.188793384556236,0.25544791069144723,40.18751058333668,32.21373014824893,3186.297,1.6935716157343033,103
B0007,67,0.39880952380952384,3.5329852237553396,2.1739523632140685,0.25706788640824413,40.14605167557969,32.09949526722965,3176.438,1.6876577363877656,102
B0007,68,0.40476190476190477,3.532158560934324,2.1783847786257136,0.25743321846075945,40.18846095484838,32.11305439113157,3167.593,1.6830744356583152,101
B0007,69,0.4107142857142857,3.5308376380023527,2.191481814157953,0.25735132818647616,40.2789498830108,32.20371989479744,3167.719,1.6779270142025482,100
B0007,70,0.4166666666666667,3.5296958440720005,2.1753473356526807,0.25903317835716594,40.310727434969614,32.23340825772458,3159.077999999994,1.6732060275966172,99
B0007,71,0.4226190476190476,3.5281819372126093,2.1832922624558813,0.2590267647030847,40.31733812871393,32.212169716369466,3148.829,1.6674367208253988,98
B0007,72,0.42857142857142855,3.5265730179666974,2.192864020990023,0.25895117983184,40.332563430145015,32.21746401954225,3149.094,1.6622662630667526,97
B0007,73,0.43452380952380953,3.5245022548553444,2.1560972126643922,0.26179245053019967,40.431258866851486,32.23410177209762,3140.547,1.6574243065763063,96
B0007,74,0.44047619047619047,3.5228548406546385,2.138540138129487,0.26334902608175864,40.46247985933005,32.228343983674435,3131.625,1.652538684928734,95
B0007,75,0.44642857142857145,3.5222829121237855,2.1646493163558524,0.2622165090473685,40.40103455658551,32.1833106060944,3121.907,1.6472174627573322,94
B0007,76,0.4523809523809524,3.5189923820688493,2.1187211383693167,0.26579878809823443,40.4426971996319,32.17200142078129,3122.125,1.6364136810898071,93
B0007,77,0.4583333333333333,3.5177844279570794,2.1377868706438155,0.26600215117219994,40.26214977673693,32.03316223587618,3121.672,1.6362554312048496,92
B0007,78,0.4642857142857143,3.5212226057273495,2.103155697792567,0.267463244027458,40.645668361956844,32.506671891788216,3120.86,1.641119179218384,91
B0007,79,0.47023809523809523,3.5172227884430147,2.186737546753024,0.26251805234594217,39.95209030011925,31.961039485620926,3103.828,1.6315700789656966,90
B0007,80,0.47619047619047616,3.5125010864221813,2.1007747911593695,0.26841940308331047,40.165034583244065,31.798082670491866,3095.094,1.621213282987236,89
B0007,81,0.48214285714285715,3.5129614635074673,2.1417010068719846,0.26549914451346457,40.36674175781141,31.95802833708937,3095.781,1.6164273214762122,88
B0007,82,0.4880952380952381,3.5125204100391962,2.0912297625621297,0.26924432437899815,40.88269125311642,32.41813169746276,3094.328,1.615823510161921,87
B0007,83,0.49404761904761907,3.5151454557578807,2.1663009505205935,0.264592914024469,40.856332202254556,32.64044972789331,3086.531,1.61672418029789,86
B0007,84,0.5,3.513443179473182,2.1843637809529235,0.26388369352167246,40.778024611598504,32.56399373078006,3085.625,1.6108655863730026,85
B0007,85,0.5059523809523809,3.5097089402574535,2.113995772639173,0.26957573994134193,40.5829305350897,32.28305350922276,3067.203,1.6006603374309376,84
B0007,86,0.5119047619047619,3.5042771471756997,2.0287779476202195,0.27593869419229977,40.6345689985191,32.06065237439007,3058.157,1.5959174487005663,83
B0007,87,0.5178571428571429,3.509207943122176,2.1948906641943635,0.26403401116573244,40.75070125010339,32.365261126964526,3058.812,1.5962179519462243,82
B0007,88,0.5238095238095238,3.5095064920492853,2.1621122251410005,0.26651020354295685,41.0672419235651,32.68851871366292,3058.578,1.5958065114633972,81
B0007,89,0.5297619047619048,3.505203266169396,2.0092802451741245,0.27780037236330035,41.40590880756584,32.747733642524246,3049.328,1.5906507821480704,80
B0007,90,0.5357142857142857,3.5281182345919753,2.144268362237989,0.27416305799250557,41.01558674901627,32.50500516961017,3177.219,1.6888211161855506,79
B0007,91,0.5416666666666666,3.519590928396835,2.0962813773920193,0.27054736304342386,41.31851435911838,32.91993878980996,3082.937,1.6259938279733204,78
B0007,92,0.5476190476190477,3.5146260368096875,2.0376560852489356,0.27485823359870815,41.4002950560853,32.948305858317944,3074.266,1.6157433862812898,77
B0007,93,0.5535714285714286,3.5115494818370454,2.050265845971926,0.2738568804220646,41.2508092329952,32.76906651915661,3066.0,1.6056626764846538,76
B0007,94,0.5595238095238095,3.510769869032659,2.1421639870693685,0.26772380868625756,40.95362783962595,32.59734424608833,3056.437,1.5949746921524348,75
B0007,95,0.5654761904761905,3.50804494279531,2.093098662464846,0.2714351723858833,40.989022190981714,32.52349894408369,3048.219,1.5904102438871945,74
B0007,96,0.5714285714285714,3.507748080950393,2.109503853325003,0.27050869918323595,41.02622774121347,32.578228834731775,3039.218,1.5853517062988178,73
B0007,97,0.5773809523809523,3.5066673521067266,2.1295447836320704,0.2692433210994772,41.01371342582121,32.62728298499839,3039.047,1.5799737147242376,72
B0007,98,0.5833333333333334,3.5061843921745397,2.138556110583413,0.2691227468747876,41.04923314430273,32.652115712561326,3030.375,1.5752185465278068,71
B0007,99,0.5892857142857143,3.5051004339266254,2.1437793669909317,0.26893892592128943,41.05277512550887,32.64767456395258,3021.0,1.569798484648868,70
B0007,100,0.5952380952380952,3.5054479186890566,2.199196544880164,0.26547378393904136,41.02092182377061,32.6993879231031,3021.75,1.5702565375950357,69
B0007,101,0.6011904761904762,3.500074246846,2.0252901014990434,0.2780974884933766,41.34840278359994,32.724576765133094,3012.265,1.565249873909438,68
B0007,102,0.6071428571428571,3.5011647157526498,2.0874226328484515,0.2734435466054509,41.23753665797544,32.70434030242972,3002.641,1.559633933561147,67
B0007,103,0.6130952380952381,3.500407285435189,2.0863200514042264,0.2727539732933852,41.21700308433066,32.74051962267582,3012.0,1.5649820533392105,66
B0007,104,0.6190476190476191,3.507816455272743,2.0588247910323827,0.2757283357353109,41.89753189273277,33.38712825139849,3020.11,1.57497949984227,65
B0007,105,0.625,3.5025243992110107,2.007722684403967,0.27939830506505453,41.90270996402953,33.270627344923426,3002.172000000006,1.5652811168780458,64
B0007,106,0.6309523809523809,3.505155823274424,2.190682586389996,0.26716096018418656,41.48233804274523,33.115074143665915,2992.703,1.559755497470126,63
B0007,107,0.6369047619047619,3.4983646475135717,2.008435320437976,0.2800179112567817,41.641162265997195,32.90572814040102,2964.468,1.549897685670499,62
B0007,108,0.6428571428571429,3.500140843862167,2.1646360641399958,0.26887813430357094,41.433877603827945,32.953112654161664,2983.375,1.5438771531345021,61
B0007,109,0.6488095238095238,3.49909547013937,2.0647427536919833,0.2760027250501692,41.8543569979417,33.2282109237263,2975.297,1.5450187488690073,60
B0007,110,0.6547619047619048,3.5010357611640615,2.170172617792397,0.26906391858600187,41.78271326384125,33.361342590516294,2974.9850000000006,1.5445940154102908,59
B0007,111,0.6607142857142857,3.497212315865497,2.120750718982474,0.2725395525815381,41.62744766181303,33.12431679486816,2966.25,1.5343086721758876,58
B0007,112,0.6666666666666666,3.496089957852059,2.13627215665258,0.271483182584801,41.552128441464966,32.991553593266204,2956.359,1.5287603942958483,57
B0007,113,0.6726190476190477,3.495877119417779,2.0938572364769055,0.27453166041980637,41.839167194182565,33.2318318845246,2956.344,1.5289260249179843,56
B0007,114,0.6785714285714286,3.493116071455022,1.9959465760122976,0.2817618222544089,42.23998716092915,33.5098123920945,2956.406,1.529091650133123,55
B0007,115,0.6845238095238095,3.492655946458748,2.0305769860653866,0.279043030854902,42.040902384977116,33.382402850667845,2947.266,1.5239059324661248,54
B0007,116,0.6904761904761905,3.49208824531703,2.0758803797636745,0.2761335994927761,41.803429062834496,33.17829959346276,2937.984,1.5186675419100615,53
B0007,117,0.6964285714285714,3.490216477408044,2.0793549048242492,0.2758276886812699,41.6886924602386,33.01591345323486,2929.125,1.5136482266426952,52
B0007,118,0.7023809523809523,3.4905931958620466,2.0585109366080414,0.277468540309286,41.988171601182124,33.271000362987586,2928.454,1.5136050185229033,51
B0007,119,0.7083333333333334,3.4911419366203664,2.0253107306977376,0.2798972380490623,42.33252236723314,33.61966967517867,2929.375,1.5139470614867965,50
B0007,120,0.7142857142857143,3.49283645226053,2.0069579017420067,0.280648377364394,41.63553796804361,33.29697162630193,2946.031,1.5339599193158786,49
B0007,121,0.7202380952380952,3.5025157522808223,2.19792648712031,0.26895843585075985,41.470498076928735,33.393130865360554,2955.438,1.5391372798653098,48
B0007,122,0.7261904761904762,3.492953565598811,2.0299415196572554,0.2795996279931968,41.54038193238441,33.13820710362847,2937.625,1.5236247972838737,47
B0007,123,0.7321428571428571,3.4917462636517236,2.1171503915767786,0.27350870981613745,41.13947017697289,32.84069778843796,2929.078,1.5135813035589147,46
B0007,124,0.7380952380952381,3.490432264232956,2.1309899052747716,0.2729068935891816,41.09041922644824,32.75739655594484,2918.375,1.5077850749847914,45
B0007,125,0.7440476190476191,3.488861416967918,2.1294318317485654,0.2728699120961805,41.10034021580957,32.77234087259374,2919.812,1.5031960676037333,44
B0007,126,0.75,3.4891932104785104,2.164511453629433,0.27114343726176793,41.03075447325996,32.720417557744895,2900.422,1.4978220596995881,43
B0007,127,0.7559523809523809,3.4878785713375917,2.1743012710834013,0.27036963128436114,40.99688397371006,32.710022803073514,2901.375,1.492848534633516,42
B0007,128,0.7619047619047619,3.486430546073901,2.1928976284966537,0.2689857507962565,40.88481342461614,32.62076759783716,2901.187,1.492414389867026,41
B0007,129,0.7678571428571429,3.4812572775226682,2.0298495899147295,0.2805884049743061,41.09400879501426,32.57651826255201,2891.64,1.487482776538081,40
B0007,130,0.7738095238095238,3.4823550791204023,2.0959492247836815,0.2757345575864043,41.01377835587309,32.58396494906228,2882.906,1.482535148640411,39
B0007,131,0.7797619047619048,3.4835074286280525,2.177723491219515,0.2702230568822358,40.90635248178393,32.623742674615976,2883.265,1.4827874322228984,38
B0007,132,0.7857142857142857,3.478976541530706,2.056251340337525,0.2785599820113761,41.06596192416311,32.58599202496769,2882.969,1.476971179775059,37
B0007,133,0.7916666666666666,3.483501191305966,2.1512510632923165,0.2710187642003124,40.84520330629611,32.864544723781215,2891.656,1.4819015554137276,36
B0007,134,0.7976190476190477,3.4899701994096612,2.1693699073642034,0.27165150373790076,41.12807910254104,33.079651096902374,2901.25,1.4981366198874824,35
B0007,135,0.8035714285714286,3.484801138956006,2.116759239247948,0.2744248030587602,41.094988453128494,32.932141650182686,2891.703,1.4820775214392872,34
B0007,136,0.8095238095238095,3.47835437960934,2.009424225590032,0.28185158475661226,41.11877573165318,32.755748003791545,2883.016,1.4771155312812152,33
B0007,137,0.8154761904761905,3.475694933923807,2.0034792344341588,0.2821225408880852,40.980034990626955,32.52965474617847,2873.453,1.4720772783056488,32
B0007,138,0.8214285714285714,3.481431873453954,2.172988732474185,0.27031845545040223,41.017509953482886,32.848065199041,2874.031,1.472248013656454,31
B0007,139,0.8273809523809523,3.4796060336232353,2.087464676179042,0.2760443341294343,41.299420742573055,33.072327061961936,2874.234,1.4670106672274665,30
B0007,140,0.8333333333333334,3.4782258967329596,2.110564313669325,0.27467455818201325,41.105738037939375,32.85096451719535,2864.984,1.4617672495335379,29
B0007,141,0.8392857142857143,3.4743233868367187,2.0724687293779813,0.2773685437531875,40.87704013237699,32.572302329954546,2855.093,1.4566952670489708,28
B0007,142,0.8452380952380952,3.4737305453330443,2.1253826973270513,0.27350409030007017,40.730219862268235,32.450684441760906,2855.625,1.451354972758956,27
B0007,143,0.8511904761904762,3.47481272321405,2.1147331324879475,0.27411896588082374,41.03226257370644,32.7394359440147,2855.594,1.451615926257375,26
B0007,144,0.8571428571428571,3.476096426841386,2.1738445330859366,0.2707101067699333,40.89527781087817,32.775898242252914,2847.437,1.4468161332173683,25
B0007,145,0.8630952380952381,3.4686822529487804,1.9947266977360072,0.2832693778438166,41.02491521192672,32.5817324044051,2847.36,1.4467570607768785,24
B0007,146,0.8690476190476191,3.4661964701943586,2.0033802121225017,0.2821947324675514,40.815968345794715,32.35021153014993,2837.328,1.4413797481446793,23
B0007,147,0.875,3.468183423895935,2.116470909151213,0.27403294432013725,40.65138669632271,32.28754240914786,2837.281,1.4362456252208178,22
B0007,148,0.8809523809523809,3.4678606629897453,2.051877342511651,0.27831710554100686,40.965385542419945,32.603239183227075,2838.515,1.4368154153924828,21
B0007,149,0.8869047619047619,3.4662499547181245,2.003221375307111,0.28238524242891305,41.11319128215138,32.61208344144242,2828.328,1.4362945145860047,20
B0007,150,0.8928571428571429,3.462469269360201,1.9865974995249178,0.28188198416963234,40.78738321989129,32.26742656599958,2838.265,1.4418575315878015,19
B0007,151,0.8988095238095238,3.480518309485383,2.1908121182442706,0.270428573348554,40.73001188190229,32.637733704417855,2864.547,1.4672063484781797,18
B0007,152,0.9047619047619048,3.4723137993738336,2.033261415031626,0.2802109931464832,40.990354594470126,32.665258715232376,2846.39,1.4518640367848885,17
B0007,153,0.9107142857142857,3.474362108592906,2.19135439601875,0.2695426070546689,40.62521315513875,32.502652632323915,2837.969,1.4471379752748499,16
B0007,154,0.9166666666666666,3.4722823212388754,2.1840705012733683,0.2699344065566691,40.58944296824891,32.446842086875606,2838.156,1.441790586562399,15
B0007,155,0.9226190476190477,3.4701761898320465,2.1664368343684446,0.2710858021641952,40.584393586876246,32.39361892904713,2829.843,1.431630947911111,14
B0007,156,0.9285714285714286,3.4635011119445216,1.987193667465448,0.2832898045943784,40.884444140401214,32.417221778010834,2829.625,1.4318084249673686,13
B0007,157,0.9345238095238095,3.467453100453348,2.1314172797434523,0.2734041808329979,40.65159637790841,32.40094040453025,2819.437,1.4262562585106868,12
B0007,158,0.9404761904761905,3.4675864728547845,2.188995882590831,0.2695141803952856,40.53138082339522,32.36314241861482,2819.579,1.4260877528924913,11
B0007,159,0.9464285714285714,3.462182535852444,2.0322464946417114,0.2801600866578969,40.821433488540606,32.382600705235255,2810.672,1.4212633510031694,10
B0007,160,0.9523809523809523,3.465962999117946,2.1695130053947387,0.2708827931569411,40.643362943412974,32.4323818014572,2811.485,1.4163272748795108,9
B0007,161,0.9583333333333334,3.4601727514874407,1.9917978280585305,0.28320564015052707,40.97063567014205,32.48861829940489,2802.422,1.4165781829175994,8
B0007,162,0.9642857142857143,3.464226115253961,2.1534486462617073,0.2718094069576828,40.74888323397497,32.524062377970175,2801.625,1.4108401729425177,7
B0007,163,0.9702380952380952,3.458799193390812,2.0101572712330453,0.28154248712251484,40.93461596721165,32.482615965621896,2802.031,1.4109949628347804,6
B0007,164,0.9761904761904762,3.4620805499710854,2.132718741006573,0.27338203683256124,40.74175890345818,32.46389583182878,2793.39,1.4061714290398801,5
B0007,165,0.9821428571428571,3.4578782949034514,2.0114763339798887,0.2814693412732219,41.00964443691023,32.55681404542561,2793.39,1.4063358479692922,4
B0007,166,0.9880952380952381,3.461590937144894,2.1610456063312298,0.2711287554522599,40.80558697887537,32.576296430484255,2792.485,1.4004552399066514,3
B0007,167,0.9940476190476191,3.462906230864041,2.0143553387267827,0.28163618896619136,40.92586026351328,32.81804879809979,2802.016,1.4217865046055154,2
B0007,168,1.0,3.4753580425264796,2.1732119934933296,0.27473843821115856,40.57390100608222,32.92941193334214,2820.39,1.4324552720625434,1
B0018,1,0.007575757575757576,3.5275462263272543,2.4721608434600437,0.2356155544529411,38.10180309676608,31.773285281389256,3434.891,1.8550045207910817,104
B0018,2,0.015151515151515152,3.534835576186522,2.4114381994148304,0.23789656784178786,38.14987995994155,31.924891594728642,3425.485,1.8431955317089987,103
B0018,3,0.022727272727272728,3.538246596159443,2.394395968141027,0.23728971261206758,37.5266914843442,31.31691283374216,3410.375,1.8396018424355423,102
B0018,4,0.030303030303030304,3.537697945111872,2.3999481734774424,0.23668744588744997,37.06279237079503,30.821190751176527,3404.719,1.8306736044962053,101
B0018,5,0.03787878787878788,3.542667604586918,2.3851461229395867,0.2394353252581165,38.2110354381278,31.95346971511436,3417.641,1.8327002069419656,100
B0018,6,0.045454545454545456,3.5451037330477333,2.3716770708389117,0.24110752752449982,38.17496505957075,32.02311236185272,3411.766,1.8285288846046388,99
B0018,7,0.05303030303030303,3.5475142438631493,2.4964491577040793,0.2318511800008401,37.64038685475582,31.634533158077694,3399.516,1.8212011895697924,98
B0018,8,0.06060606060606061,3.544812433691423,2.4374506721131883,0.2359561532347725,37.37602884738843,31.288194921595714,3388.75,1.8151700106433282,97
B0018,9,0.06818181818181818,3.5434780274164095,2.4152206992194847,0.23682620647693875,37.28928029078695,31.11122470608501,3380.406,1.8042980520967649,96
B0018,10,0.07575757575757576,3.543133206790044,2.377432309524995,0.2397794991641069,37.52377766578506,31.13166983979621,3404.141,1.8231002302844226,95
B0018,11,0.08333333333333333,3.545155146280937,2.3887487262583647,0.2394912052033424,37.72420412562674,31.51305775907457,3396.141,1.8121253520255494,94
B0018,12,0.09090909090909091,3.545032366549762,2.432289857016922,0.23636543687105385,37.41366095304306,31.31102568785445,3384.094,1.8046916382117766,93
B0018,13,0.09848484848484848,3.5440892170496827,2.497495633221204,0.23152309725169407,36.94724908852665,30.893964711700164,3370.656,1.790844349786295,92
B0018,14,0.10606060606060606,3.541317108618481,2.478768686108376,0.23215997251902853,36.707091312059944,30.540598970902945,3357.797,1.783470722841926,91
B0018,15,0.11363636363636363,3.541197979542517,2.3858494078680206,0.23984848741538095,37.13061214416645,30.82566018736547,3363.015,1.7809386125310702,90
B0018,16,0.12121212121212122,3.541255460524434,2.372854084449551,0.24107515468634144,37.686600065941576,31.451400678644536,3357.734,1.771209039672698,89
B0018,17,0.12878787878787878,3.5427478949705886,2.4086912736769084,0.23851613291467513,37.633580732302406,31.518847747922937,3344.187,1.7686303996707076,88
B0018,18,0.13636363636363635,3.541251093602656,2.496331992137246,0.23208831014050751,37.15252578645951,31.11237289077096,3339.969,1.7536304801917124,87
B0018,19,0.14393939393939395,3.5350260562177453,2.4199896352919668,0.23636791212783306,36.78829001793698,30.586452588663985,3327.641,1.7462197416415093,86
B0018,20,0.15151515151515152,3.5326627624319777,2.3587321881999297,0.24166851701811512,36.541146197392216,30.242913021104116,3312.844,1.7376647337053737,85
B0018,21,0.1590909090909091,3.5333109441755526,2.4458096660548825,0.2353392099181246,36.372087786130464,30.10270376338569,3302.031,1.7315166735475835,84
B0018,22,0.16666666666666666,3.52738705832889,2.3808537751929744,0.23900387966523803,36.52608510498833,30.251184852221932,3305.547,1.7085949894470602,83
B0018,23,0.17424242424242425,3.5296025965720452,2.436955746154759,0.23587487275103497,36.476252762052624,30.212407704391104,3289.562,1.711469957068211,82
B0018,24,0.18181818181818182,3.5289707694229833,2.4671365731790713,0.23400423826258288,36.377208902376694,30.125011009636175,3283.797,1.7075021373272627,81
B0018,25,0.1893939393939394,3.5322741848919814,2.4129371999368505,0.23858471665050535,36.64000948247426,30.22428629982563,3325.235,1.7492382064360228,80
B0018,26,0.19696969696969696,3.532438322521663,2.3497771039810256,0.2435419818393612,37.38165499248184,30.976376254737342,3317.547,1.7327697147429955,79
B0018,27,0.20454545454545456,3.5363211310943603,2.4904700018477026,0.2339338166813496,37.59824760372582,31.41570291330098,3311.766,1.7222313328292376,78
B0018,28,0.21212121212121213,3.533535274219931,2.4650908929255406,0.2359904036028267,37.560555155163414,31.383299841535273,3305.218,1.711846298984729,77
B0018,29,0.2196969696969697,3.527012841842043,2.363133281953362,0.242952334807339,37.52114200586718,31.167937826253635,3295.453,1.699267835126687,76
B0018,30,0.22727272727272727,3.52925730014011,2.4790616361836206,0.23562596170592504,37.21887096740918,30.994690437264207,3287.0,1.6940366439243106,75
B0018,31,0.23484848484848486,3.527821497534469,2.491905723274248,0.2348918872075118,37.33441415744885,31.055317978554886,3276.922,1.6819027078768087,74
B0018,32,0.24242424242424243,3.525692957415014,2.4337177596826547,0.23964142570667826,37.7331798444306,31.373945543706103,3268.687,1.6769770618433686,73
B0018,33,0.25,3.5243962482347273,2.4424506461535755,0.23906730756801445,37.84649344841882,31.56128410753226,3260.594,1.6655229306478936,72
B0018,34,0.25757575757575757,3.520797576383474,2.4383419399858552,0.23898022240623704,37.670164941661795,31.318474723902874,3258.812,1.6571924575832084,71
B0018,35,0.26515151515151514,3.519457281260753,2.4157245398944123,0.2424910982322856,37.53185198546868,31.104012325043946,3243.422,1.6482241555294048,70
B0018,36,0.2727272727272727,3.513165600287965,2.323395712524894,0.2501534875196626,37.593333753421376,30.989730398009076,3236.515,1.6387701497987262,69
B0018,37,0.2803030303030303,3.517217159454334,2.4985039496028567,0.2360542563715132,37.361410110678264,30.967851972472324,3230.734,1.6276486907262062,68
B0018,38,0.2878787878787879,3.5120091114107965,2.350237238739749,0.24801564173667426,37.899803246715464,31.285342046153826,3222.093,1.62215370227252,67
B0018,39,0.29545454545454547,3.50911052654104,2.3337740352348813,0.24872755259651547,38.03149707759718,31.41096207271253,3220.344,1.6140066510467586,66
B0018,40,0.30303030303030304,3.516106699716392,2.317647291087635,0.2523387804840423,37.42220155418978,30.755137125871208,3250.75,1.6760516154424623,65
B0018,41,0.3106060606060606,3.519010068254593,2.492394514304757,0.23801950601597288,37.32511174435206,30.977446633931525,3239.344,1.649300642552199,64
B0018,42,0.3181818181818182,3.5124212742229295,2.372828310153791,0.24764027911477246,37.31088262198154,30.800512192698992,3222.25,1.63238299185809,63
B0018,43,0.32575757575757575,3.50815215295169,2.3560703177076867,0.24868814670433595,37.232346556887364,30.616192795676138,3206.157,1.6164159719025777,62
B0018,44,0.3333333333333333,3.508648568515266,2.4644431530094417,0.24124748892293107,36.94850857727268,30.399839302766903,3197.969,1.6109028378249377,61
B0018,45,0.3409090909090909,3.5051993439595477,2.4195167274486726,0.2454833870794045,37.002663545357386,30.38386825126278,3181.625,1.5954638693695657,60
B0018,46,0.3484848484848485,3.523165280193865,2.3422406504312434,0.2527663680637224,36.71025442949399,30.576239500422748,3302.36,1.726707440085764,59
B0018,47,0.3560606060606061,3.527269876472835,2.3755467142668496,0.24691761491563502,36.72807623650589,30.705906284556665,3285.812,1.7165673917429753,58
B0018,48,0.36363636363636365,3.526762654741574,2.4146291375325917,0.24197228881643837,36.72959308355185,30.62583594950684,3260.016,1.6958235570934848,57
B0018,49,0.3712121212121212,3.523020179476104,2.3844645496129964,0.24328040938365159,36.787462351640364,30.597357068657974,3240.031,1.6777783190792557,56
B0018,50,0.3787878787878788,3.519792345798265,2.398646371281655,0.24184899896763243,36.75689163314213,30.528493896066262,3232.265,1.6606586897774192,55
B0018,51,0.38636363636363635,3.5251014582287223,2.4557130111721626,0.23939833635840463,37.350157630970955,31.203754246103966,3232.031,1.6664109274827466,54
B0018,52,0.3939393939393939,3.518519199837846,2.323665882820083,0.24895502990812382,37.48126030855565,31.172639449335037,3209.5149999999994,1.6468336174407805,53
B0018,53,0.4015151515151515,3.5190801794284594,2.488054079510012,0.2364897838479307,37.125443897626305,30.96825922704022,3196.125,1.6257639928779952,52
B0018,54,0.4090909090909091,3.5114167272902406,2.3306937114568003,0.248742640175246,37.19112571388883,30.821704306343133,3172.562,1.6121577411874595,51
B0018,55,0.4166666666666667,3.5108038681605738,2.389399831578687,0.2451594140795012,37.17642722353301,30.765219721637393,3172.735,1.6057366823755344,50
B0018,56,0.42424242424242425,3.51432611790755,2.4864200723178747,0.2423708210517989,37.11936678632194,30.809988428281613,3238.109,1.673645314879889,49
B0018,57,0.4318181818181818,3.5196664048265607,2.4673631110639858,0.24183473310310893,37.2702464066457,31.039033590700278,3191.063,1.6404348572349936,48
B0018,58,0.4393939393939394,3.512403849382274,2.375173080957567,0.24831044327729748,37.39550861947664,31.04176453157222,3165.828,1.6132653317422077,47
B0018,59,0.44696969696969696,3.5077862234460104,2.371626022111289,0.24798510872806295,37.378956702246384,30.959784195511766,3140.407,1.5920964324686278,46
B0018,60,0.45454545454545453,3.5076596102713244,2.463955873060647,0.24176513200558977,37.245718322158105,30.843513277103145,3131.922,1.5866011820698824,45
B0018,61,0.4621212121212121,3.5074833565874615,2.475545296633258,0.24237941979502164,37.21755583353321,30.797157400797865,3121.109,1.5800766490336253,44
B0018,62,0.4696969696969697,3.5023865933440717,2.3791563087604626,0.25006126825340175,37.56150979821064,30.984434580754094,3105.265,1.5641732953289167,43
B0018,63,0.4772727272727273,3.503693493885047,2.4776158338943337,0.24293051873935917,37.4174791317661,30.967899275139946,3091.25,1.555618272193922,42
B0018,64,0.48484848484848486,3.4989948462048113,2.4205549690097223,0.24757542528094925,37.55101533655474,30.976616345195186,3076.703,1.5402045278637397,41
B0018,65,0.49242424242424243,3.495405576723954,2.415388497112405,0.24806656368733818,37.59895044072871,30.89768961926806,3062.328,1.5321613015959863,40
B0018,66,0.5,3.494528300232307,2.3974205597873093,0.25131607085775737,37.489239782169804,30.81568822237933,3050.563,1.5316232403693415,39
B0018,67,0.5075757575757576,3.4962554827793926,2.497752653580319,0.24403995501441178,37.37911114363861,30.726188079151118,3034.672,1.5222595950771978,38
B0018,68,0.5151515151515151,3.48769646191346,2.3726090777895896,0.25261083356899555,37.559604168615785,30.76818712651005,3031.25,1.5065267126851283,37
B0018,69,0.5227272727272727,3.486547580844067,2.36844257542991,0.25421974568816713,37.61805450748922,30.775415173787835,3011.343,1.5014219556532926,36
B0018,70,0.5303030303030303,3.482298183882304,2.331968556073514,0.2567453685120387,37.71101994346608,30.761821976538275,3003.0,1.4963534117486457,35
B0018,71,0.5378787878787878,3.491819481711868,2.4057755306304176,0.2523757254841878,37.767989299214086,30.913721930762733,3045.187,1.5334262000312422,34
B0018,72,0.5454545454545454,3.493995853241935,2.4720838848798987,0.24787661625868782,37.91919394450186,31.228215653165606,3028.469,1.523845267514426,33
B0018,73,0.553030303030303,3.484377015629623,2.342731326096539,0.2563184923366143,37.99328509003338,31.261679783387308,3012.937,1.5011920994261239,32
B0018,74,0.5606060606060606,3.4859116793558376,2.4198650452188226,0.25178046921877606,37.984838024989045,31.18408593575448,2998.875,1.492417671450291,31
B0018,75,0.5681818181818182,3.4842787539766786,2.438879997223475,0.2508652563260822,37.8288851383529,31.001432353085377,2983.547,1.483323851940123,30
B0018,76,0.5757575757575758,3.482988652120672,2.430465824271706,0.2527666120037829,37.844837975501,30.981374033120872,2966.86,1.4807376792294196,29
B0018,77,0.5833333333333334,3.483799876979844,2.4907267597860656,0.24802832713581485,37.8984610468502,31.088687926688607,2954.797,1.4735077809902477,28
B0018,78,0.5909090909090909,3.4787540756450497,2.3678328028644775,0.25814755065726835,38.27784043980244,31.336420133762665,2945.735,1.46801928526661,27
B0018,79,0.5984848484848485,3.4752194351784507,2.3532703553328904,0.2587418006364251,38.24434303919528,31.22599987103565,2941.375,1.4580923557119019,26
B0018,80,0.6060606060606061,3.470739535801023,2.362897904778893,0.25772371294595886,38.06956259266949,31.037323488688802,2923.953,1.4478660988891399,25
B0018,81,0.6136363636363636,3.474600910003521,2.420200016704328,0.2561984574820731,37.81744565252647,30.811349225731828,2921.031,1.4527808777541982,24
B0018,82,0.6212121212121212,3.4740521567700093,2.472605886588914,0.2512971706951936,37.902567770354786,30.932223179746046,2902.75,1.4425356364492432,23
B0018,83,0.6287878787878788,3.475075728648004,2.483165462226557,0.2509904827066951,38.16628336469349,31.215527070380897,2897.875,1.4392712877203313,22
B0018,84,0.6363636363636364,3.472424307596416,2.4341986830086237,0.25484104285559894,38.36789486715962,31.400797084337558,2892.094,1.4286475681888218,21
B0018,85,0.6439393939393939,3.471751102262539,2.497859027600416,0.24949789396086638,38.19823604401131,31.259213269721236,2886.921,1.4249026750004896,20
B0018,86,0.6515151515151515,3.4745407296058963,2.3747408457948316,0.25954019804112044,38.099982807571635,31.134701292957466,2942.531,1.4698115324524124,19
B0018,87,0.6590909090909091,3.471720060423485,2.3589340839760866,0.260516253498242,38.214523782841354,31.246879695988095,2912.469,1.4525819651050202,18
B0018,88,0.6666666666666666,3.471398409828823,2.4413266342198545,0.2544263229056697,37.939696536164234,31.027558674438325,2895.594,1.442834198908794,17
B0018,89,0.6742424242424242,3.4626491088970703,2.311419659807122,0.26385932209588037,38.06666733482501,30.931917385258963,2884.406,1.428376058807949,16
B0018,90,0.6818181818181818,3.466072725920186,2.4953159238201255,0.24944379745426662,37.63260475617888,30.667082236656018,2873.766,1.4154547844370715,15
B0018,91,0.6893939393939394,3.4730670533412877,2.4398479869382084,0.256998603773989,38.18223603956323,31.226789107710772,2893.375,1.454576670077708,14
B0018,92,0.696969696969697,3.4668548162926327,2.376538319699514,0.25940577128111114,38.3907466519188,31.387733116648285,2884.9839999999967,1.4283179548274056,13
B0018,93,0.7045454545454546,3.46527367520258,2.3722299202290382,0.26004857673152804,38.51622654624205,31.505666838292886,2870.234,1.4197026883204058,12
B0018,94,0.7121212121212122,3.4638878223448684,2.361475505115684,0.2614012721012322,38.56612180540248,31.5462258449116,2864.11,1.4155606630306516,11
B0018,95,0.7196969696969697,3.457807923440064,2.317937855025735,0.2637843275246904,38.5606541602861,31.389977882297476,2846.64,1.405680035419228,10
B0018,96,0.7272727272727273,3.459813554486507,2.3372859753156225,0.26401849793435667,38.53842073636507,31.385433749863733,2839.532,1.4084461071166137,9
B0018,97,0.7348484848484849,3.458027727779737,2.3528810264952194,0.26240215486440727,38.548873480234754,31.423707199142058,2832.703,1.3968547782872414,8
B0018,98,0.7424242424242424,3.4613996718507845,2.4646122144537173,0.25436348272958975,38.45838357496903,31.435368910968148,2827.077999999994,1.3935670371440676,8
B0018,99,0.75,3.4611285476693214,2.4684655225527004,0.25451400427608056,38.54382874673793,31.542375291159843,2821.531,1.3893644292809475,8
B0018,100,0.7575757575757576,3.455556822823358,2.4092923539400735,0.2589834605607093,38.650883957434026,31.52669677306915,2805.156,1.3785651415666713,8
B0018,101,0.7651515151515151,3.459598362944341,2.477625480372779,0.2543532391096489,38.45654834997334,31.435921914290372,2814.906,1.384901110085747,8
B0018,102,0.7727272727272727,3.4506569891269216,2.335608852853518,0.263423300497629,38.6564130442344,31.475238112886494,2801.156,1.3703251814242443,8
B0018,103,0.7803030303030303,3.455515243082573,2.441999086782534,0.2569366308625665,38.655587491253975,31.5817445550721,2794.187,1.3733464385229082,8
B0018,104,0.7878787878787878,3.455840338587253,2.4651687831472158,0.25545113736601277,38.6997087046862,31.647958536134297,2785.391,1.3679487285504814,8
B0018,105,0.7954545454545454,3.448678293668265,2.370892032033162,0.2612930004988529,38.87481687744787,31.662032275252905,2779.5,1.3567141087089647,8
B0018,106,0.803030303030303,3.474503178644755,2.461879783248223,0.2556944497754274,37.363974526077364,30.434500875864142,2899.234,1.4604310209194575,8
B0018,107,0.8106060606060606,3.474031881945217,2.4247066368907255,0.25755756066824986,37.88258787662229,31.017997058077018,2894.922,1.4500998937104097,7
B0018,108,0.8181818181818182,3.474404210386772,2.4447222974031386,0.2554759257484419,38.158980736604235,31.39483761465523,2888.25,1.4381406901824496,6
B0018,109,0.8257575757575758,3.471767043833224,2.443569395327192,0.2569035121433625,38.05243159675446,31.24511885640641,2873.906,1.4283681980964316,5
B0018,110,0.8333333333333334,3.4685305272975935,2.4666000274194886,0.25388594966506284,37.89096376444466,31.05306925187263,2847.406,1.4147874517552432,4
B0018,111,0.8409090909090909,3.4651213646662598,2.4272514813701016,0.25859194493549637,37.81203585126145,30.88589263299331,2849.281,1.413889163393182,3
B0018,112,0.8484848484848485,3.4652879859475885,2.4762628371779,0.25283242586660987,37.9591954678784,31.053992379018933,2833.688,1.3989331662177225,2
B0018,113,0.8560606060606061,3.461799526154992,2.3607989727330003,0.26236963956853215,38.521043498835155,31.492840068071885,2826.453,1.3953322584033976,2
B0018,114,0.8636363636363636,3.463260140320492,2.377011586588198,0.2613577584434526,38.878687997701746,31.93832684630049,2818.312,1.390046129540245,2
B0018,115,0.8712121212121212,3.462839429201602,2.4567563196678455,0.25503797910208703,38.65118899876309,31.74562722135923,2812.7189999999973,1.3860271454209647,2
B0018,116,0.8787878787878788,3.4569152237960306,2.3277314025979847,0.26697340100884936,38.434235278537344,31.31018499405759,2803.5,1.388215260193751,2
B0018,117,0.8863636363636364,3.4574690175816127,2.4537913827403948,0.2568228137679184,38.103875724329995,31.127360345471814,2783.25,1.3761826562394497,2
B0018,118,0.8939393939393939,3.4502191781217797,2.3475608877759067,0.2643003813390103,38.12742842632319,30.985550813719595,2776.391,1.3647168898640165,2
B0018,119,0.9015151515151515,3.4486728051793962,2.3558347560196564,0.26393140331671344,38.03962943213698,30.899653280757406,2766.516,1.3589854739373584,2
B0018,120,0.9090909090909091,3.444632719716698,2.3791102362944754,0.26169754461682443,37.85657903247749,30.706123644966482,2751.516,1.3462308764008801,2
B0018,121,0.9166666666666666,3.467272639213176,2.444740635238248,0.2590954604625469,37.43017193410286,30.47122187456595,2848.859,1.4268427818454643,2
B0018,122,0.9242424242424242,3.464490491162134,2.431867772331712,0.25720031438600915,37.8264149292754,30.939221783021114,2840.016,1.4064481483279663,1
B0018,123,0.9318181818181818,3.459667012281024,2.344037291947413,0.2645119375542321,38.08307173716899,31.111640631561894,2817.375,1.3934907492075153,0
B0018,124,0.9393939393939394,3.462241956955771,2.456436863057259,0.2559372101503028,37.88279649093536,31.037910219908994,2809.234,1.3882493512249316,0
B0018,125,0.946969696969697,3.4555661695067355,2.395547668334432,0.2596982368038693,37.96027066990377,30.967950840538833,2791.187,1.3701878338420928,0
B0018,126,0.9545454545454546,3.458696199585801,2.4536749172979215,0.2567368169580032,37.880513353762176,30.93996203578424,2794.016,1.3796951665608619,0
B0018,127,0.9621212121212122,3.4525282614097663,2.3062728144586413,0.2674956170053475,38.43416278222213,31.295019295352862,2774.719,1.3686586323935683,0
B0018,128,0.9696969696969697,3.4552290080443044,2.3471092023857154,0.2641142102955423,38.847489737859576,31.81846533166901,2777.844,1.3627371779096438,0
B0018,129,0.9772727272727273,3.4619744219744675,2.4884289104730986,0.2539173569253529,38.80283421497622,32.00067162597675,2781.125,1.3634051133928073,0
B0018,130,0.9848484848484849,3.452221905520614,2.3992178234155577,0.2592424399841937,38.72699121838442,31.73992229230571,2760.906,1.3518646035305233,0
B0018,131,0.9924242424242424,3.447650049442191,2.2786338886500292,0.2701822921841344,38.67191958148309,31.52613649688221,2753.25,1.3547969729652622,0
B0018,132,1.0,3.447928507599004,2.3655846763383734,0.2633941942740437,38.371813640118894,31.27624493654335,2742.843,1.341051440640485,0
